bus_id,x,y
1,0.42196494271322166,0.06940730897978073
2,-0.42492663091540145,0.4120273821004783
3,-0.44155500064637104,0.29461600761269724
4,-0.803601588513791,0.12034832898800495
5,-0.7439158820180459,0.1218098423215323
6,-0.8150335318111704,0.17898561990234077
7,-0.2633928318920354,0.06012196707563835
8,-0.08084048261515764,-0.014583701294397735
9,0.2241915298086653,0.4171769253613751
10,0.6148964237107288,-0.18183441848964227
11,0.6462734472853947,-0.21318245308015565
12,0.6266166824872473,-0.15116642818930062
13,-0.8200798104714568,-0.034631171195038404
14,-0.7761577076919668,-0.11013964986512602
15,-0.5932606157356366,0.10813418249158238
16,-0.6246296285422963,-0.15532975300243076
17,-0.8472314786837606,0.013927190402516087
18,-0.3744402450230063,-0.008628870415412741
19,-0.38943246951553717,-0.024580338017554555
20,0.48561049452182886,-0.4585163917049366
21,0.5233907198203038,-0.5242609404285128
22,0.4457962197560707,-0.389203551334195
23,0.5581756395753021,-0.44289461042999667
24,-0.8582799154839822,0.10368322801587494
25,0.14038789067979818,-0.06388738451239111
26,0.17248287031587722,-0.027803190947565767
27,0.16336246660274967,-0.09206354304509518
28,0.06602951536165809,-0.0383205198751672
29,0.12998380649936592,-0.03595344062845161
30,0.11966388950980875,-0.03605419482938498
31,0.47513208520896144,-0.6924658432317223
32,-0.4290767860952196,0.3308039244348097
33,-0.41317440123593957,0.37440320196236143
34,-0.3678649922097684,0.39146416718088584
35,-0.47545357583139514,0.3331074055258522
36,-0.42056989174083087,0.3624682957748039
37,-0.4957960912384986,0.32887628042961226
38,-0.4506475831787206,0.35166322542591677
39,-0.4037590064036678,0.3625377947902817
40,-0.5151393174636497,0.32299124565800497
41,-0.38347956677347733,0.2969972429624797
42,-0.5034406733269315,0.2841601310735672
43,-0.2597419424155174,0.3019126591798114
44,-0.5324287559778269,0.31392168374279494
45,-0.4383225114177402,0.32105382649111086
46,-0.43729222561543984,0.266717189490815
47,-0.5132995471627853,0.31071984144996717
48,-0.3389310002851846,0.24575060013962216
49,-0.46168851439450415,0.30944561336001464
50,-0.4084870555006841,0.2673433362812047
51,-0.37409220962922696,0.24685426953936052
52,-0.25003613920075357,0.32381569710062
53,-0.375449277030912,0.3269321557402128
54,-0.12347952738566774,0.3119348523256168
55,-0.5097144037191823,0.09430348353072789
56,-0.8776156000401546,0.0792141281932944
57,0.28629345714085036,0.4998780417686478
58,0.6395294631604604,-0.2377501166329845
59,0.6220326467916384,-0.30092719529506273
60,0.6312621340709033,0.08883270103834083
61,-0.858729673197623,0.22803960156942782
62,0.44013466359455766,0.07463430102561444
63,0.21682003552325177,0.5234775470809911
64,0.4293594950200582,0.6444815915155349
65,-0.9387966498970418,0.17702748812148564
66,0.2735702466015118,0.5515617654495661
67,0.4635005222331593,-0.697820426469672
68,0.38446664593020524,0.4781933058582916
69,0.31107567008129045,0.0892701767771713
70,-0.31731080346564583,0.23473458895387742
71,-0.8519566049329909,0.2175211103512588
72,-0.42326760807824254,0.07462278242806634
73,-0.3670360581438381,0.0325439635021544
74,-0.30115777538757976,0.09880587681463202
75,0.026042481347362565,-0.01728845668464488
76,0.6209755862602365,-0.0722120746359637
77,0.47688160807386515,-0.8153896936607127
78,0.4356281735766295,-0.8504817492915152
79,0.4705507197693545,-0.8504775173617563
80,0.3909921020774591,0.2292979897251066
81,-0.34831846568305663,-0.019625359217441195
82,-0.34993761510288784,0.04038083431404236
83,-0.38567361509363945,-0.007126009153736681
84,-0.3347699475741148,0.01693091617027772
85,0.35119792640079733,0.3134531614347646
86,0.6770622206797194,-0.03938426906425695
87,0.6325465993769653,-0.04086670735329133
88,0.7348355908635176,-0.04924167399449303
89,0.601000267137954,0.0004852610473392934
90,0.5480399973132911,-0.0687662928849714
91,0.616754777549986,-0.03235422907195602
92,0.5823268060702873,-0.064894770059533
93,-0.15100365120458026,0.08043417566140362
94,0.3838548325448731,-0.7777473341060257
95,0.7327907521186046,-0.14645269918776913
96,-0.2645455164559427,0.1387793963671475
97,0.46573877411551734,-0.09810242485471718
98,0.5748283663711552,-0.09387392981341547
99,0.49020448955063467,-0.11581920507542728
100,0.7173363207459369,-0.12113541782348514
101,0.6671638703564842,-0.10048050860892213
102,0.2113886446037524,0.12934064328395323
103,0.10917900302190937,0.15942815885274725
104,0.24859337560697709,0.37424152436417657
105,0.6362574613599075,-0.17331260835615367
106,0.5199434193216711,-0.7995060095778743
107,0.47787476288392094,-0.8387814171823564
108,0.5460921538134251,-0.7464928043015593
109,0.05170522924674542,0.24726358953424904
110,-0.03391779467284902,-0.17660242710425178
111,-0.06092118023153953,-0.19343634333074458
112,-0.06336601159808236,-0.14839153396496993
113,0.005119357225204172,-0.19333272065629503
114,-0.029926767806368576,-0.2025945671546367
115,0.46026225947803756,-0.807644606550762
116,0.40499586275020805,-0.8530561334917744
117,-0.03259960385305851,0.1545096878973853
118,-0.9330700333088845,0.2057051005283019
119,-0.7484022007777965,0.1466182564840454
120,-0.838798088538509,0.18248667751051895
121,-0.6513277862487402,0.10722952554922265
122,-0.9001928310446404,0.14918608417341042
123,-0.8312831942888779,-0.012589990197393642
124,-0.8516430302754541,0.0894861393053274
125,-0.8349077420507811,0.006478533487769727
126,0.7275490395866013,-0.08908785567463166
127,0.178349765555493,0.4385601809798901
128,0.613367810403183,0.11678303992480593
129,0.619030124340048,0.007161479779070165
130,0.5784881326446529,-0.2887886796419201
131,0.4271344139950075,-0.8335675009054082
132,-0.16026209632765107,0.022332670896407475
133,-0.1841513792694633,-0.03398721379181637
134,0.05499920653250433,0.023061892743575483
135,-0.04984552666659438,0.017391380675430754
136,0.015214192946221198,0.07761392230261444
137,-0.021574894893544163,0.015026075598211376
138,-0.3722102565004384,0.09148146438434562
139,-0.35637350942045165,0.0253606464412517
140,-0.33977451250550444,-0.09541786146911431
141,-0.37248071013199624,-0.052475144001804405
142,0.5839122525292278,0.22016815261315387
143,0.6371103555607751,-0.006230699430352664
144,-0.7160385536949176,-0.13862596861602539
145,-0.46596049098328024,0.297025257145391
146,-0.3382093094738226,-0.05235814380995665
147,-0.3346522037182411,-0.016732749545528856
148,-0.35044752574565563,-0.04616275510505945
149,-0.3422156677594769,-0.07688682219999736
150,-0.391388179445247,-0.043198098319117265
151,-0.5036276273316148,0.06996720520781746
152,-0.44065032512978825,-0.01433326772395124
153,-0.5438205010970135,0.07398279990957388
154,-0.40320730986292214,-0.06793917413451536
155,-0.4298873892145414,-0.05453239458115967
156,-0.8329313195947853,-0.09623139036062615
157,-0.08915786998361787,0.15391580212082695
158,-0.15579955728013484,0.13832023198830246
159,0.3264596283462286,0.4980389106605212
160,-0.6392349185063155,0.032892591067788815
161,0.3259905293188433,0.40912046358859755
162,-0.6921624235681425,-0.1495931784990922
163,0.27160170861763,0.3101610777101758
164,0.654064460439453,0.12602735520708636
165,-0.38895911251236487,-0.04843083476256391
166,-0.3490733542717413,-0.06315537242280281
167,0.3673762136572611,0.5467111990854419
168,0.2005809638582011,0.6620587627576833
169,0.4991184175226316,-0.06701655384242183
170,0.2924136658552542,-0.8704896575406968
171,0.3263943874968815,-0.8209440120623555
172,0.3581386795254495,-0.8111882814797521
173,0.3127827214419455,-0.858955622389671
174,0.3225877571432716,-0.8489927060628131
175,0.3777216875226756,-0.8338211782723667
176,0.24234061033279633,-0.9149562720525757
177,0.2673989421776635,-0.893406034022516
178,0.29093382080428615,-0.8613280660543909
179,0.5857830916195216,-0.35731718249578986
180,0.2390766553847901,0.5792452617932206
181,0.22841055233415772,0.6314853948304728
182,0.4032181939436612,0.2965854046713614
183,0.3715928365608057,0.17211661675829643
184,0.4082370844376564,0.08514508834348287
185,0.4083732674937604,0.21231056173672433
186,0.44428492702799754,0.0781211727284035
187,0.3995633351676808,0.12591193081302737
188,0.30674592214306484,0.03541240721601546
189,0.34300720479086627,0.0801706337257817
190,0.3204561350782923,-0.040369731278096586
191,0.37346078888785395,0.04886061199729318
192,0.3492735739368412,-0.0582300990873882
193,0.36510548568839174,0.12681894958942508
194,-0.704937144789142,0.10515571605456941
195,-0.25660173939938946,-0.01113181844924812
196,-0.08686063791970128,-0.1529989431818886
197,-0.026482845722846503,0.1620375309793233
198,-0.3580728747739657,-0.11219053392339147
199,0.07910432464315706,0.41658055109090913
200,0.06723159966160316,0.3339555200123306
201,-0.7654860656643573,0.10660168747704546
202,-0.8322266606865714,0.06680283188463358
203,-0.12385739567336172,-0.0558990322218167
204,-0.01828789094525004,-0.03758756528713787
205,0.6902241290210146,-0.15452872618510113
206,0.4473840117101482,-0.8660815960572821
207,-0.3968395792424914,-0.038982883937666454
208,-0.7389512265885245,-0.11849628807814638
209,-0.7516360251344284,-0.06919457460738897
210,0.5286328653667939,0.046772452684478466
211,0.5875241346173917,0.06885849921561953
212,-0.39469536367285385,0.4363276890204377
213,-0.48656869686258664,0.2632744848295946
214,-0.4861947527686794,0.24701578322477305
215,-0.6744035612657149,0.08655817290336038
216,-0.6843266655837799,0.06743830680188632
217,-0.08923164482680936,0.10431269031461456
218,-0.03747962299267736,0.14035486633036323
219,0.0357535280969277,0.15975187167698396
220,-0.09331306797798046,-0.02509788514567964
221,-0.8540565808558919,-0.058817085626346605
222,-0.5998984030576789,0.21761823611945869
223,0.41706080105823307,0.32781519854836355
224,0.4188169995631419,0.3817968302860643
225,0.0774727260568299,-0.03516470354375822
226,0.2162543201384954,0.41312479301254496
227,-0.44109687131931846,-0.12260981321080336
228,0.4726102810068193,-0.76446873061536
229,-0.28370841018960474,-0.05384063425305496
230,0.08105386411642973,-0.09224496468176806
231,0.3782669249306596,-0.6818438187460705
232,0.3699563304769613,-0.7533656966486568
233,0.37101541174263497,-0.7071968330947275
234,0.37010950935167286,-0.7991198310862099
235,-0.8832159207363236,0.28926941139710954
236,-0.8761585784610959,0.24973479809489238
237,0.41664727222332265,0.511246793240497
238,0.4400216107289578,0.45441161895005816
239,0.4080404597761008,-0.7583478700678197
240,0.7625639622031807,-0.07018761033636939
241,0.03096455476372974,0.11800316934930133
242,-0.4677411908912348,0.08989325392836969
243,-0.5606287522627151,0.059786445081211635
244,0.24238661812202064,-0.8918987517725993
245,0.4808845744127061,0.07922250264584554
246,-0.32460366953716147,-0.13073572929557528
247,-0.1524837849318728,-0.09678204786876661
248,0.6330206059018679,0.11281338550279182
249,0.582369602335401,0.10750973443356067
250,0.5187764091951582,0.09477161095798843
251,-0.6829855475490259,0.14386319570516945
252,-0.06638348658117064,0.43882896812422734
253,0.0673600290520526,0.48091574799546927
254,-0.05564372145153607,0.475296937368486
255,0.17298516712058518,0.5070833492180779
256,0.11340806607081486,0.4533108403755777
257,0.0797909773656274,0.5259063767394007
258,0.1026161091638161,0.5463895724237624
259,0.14487749313274048,0.5445532129316046
260,0.014238833452874949,-0.17258152758913556
261,0.059056444020359665,-0.14103329589893426
262,0.22615624283124686,0.010824591705412868
263,0.2724538450431457,0.04983774818735531
264,0.042754458958828484,0.45597111486855
265,-0.887155847382792,0.207974860291723
266,-0.3256909689135594,0.052031683392401856
267,-0.3358989245948689,0.10169441474426748
268,0.15623506619200905,-0.036155422142184
269,0.02850738248431262,0.15832583055750998
270,-0.637610536828102,-0.14687182414667657
271,0.3652935222292921,0.21518510002548472
272,0.12896581650426414,0.6057452483158395
273,0.5463376730274505,-0.09238262905880318
274,0.5989524694607143,-0.06905735726518755
275,0.5851453695340615,-0.10402459331984307
276,0.5737884820810637,-0.11352988008745166
277,0.39295286384284844,0.2714320956840752
278,0.31772327239836734,-0.7670735131843102
279,0.27483185235112395,-0.8454900391292336
280,0.2902384717075389,-0.7866498838073689
281,0.30281811990222723,-0.7938205013537044
282,0.2883494460087989,0.40145083595857395
283,0.38225127164656736,0.36496933646001556
284,0.2810960022978539,0.4389734795847985
285,0.2898975269259812,0.4447575738909583
286,0.311747347719425,0.43615832242311336
287,0.3036900306559742,0.4437523117592765
288,0.31993511039702954,0.4278825453609271
289,0.29804054477328124,0.43331130657894723
290,0.1847920648790077,0.34150891858559457
291,-0.3285097128000365,-0.09258875682061805
292,-0.3547377250274186,-0.13061699684374697
293,-0.3671023093603211,-0.12176776349690205
294,0.5538671815160117,-0.20851612467215652
295,0.44037289373138827,-0.5667747279728963
296,0.41862019447888343,-0.6665831224074639
297,0.4505628432269543,-0.5862188954944714
298,0.46895599958348794,-0.5766774436088172
299,0.44537756691639957,-0.5979700107607375
300,0.42103858038775743,-0.5842126031608667
301,0.4302112345156276,-0.5943684001173011
302,0.46420640801575247,-0.5908139367476579
303,-0.4863962488432117,-0.11663365783892873
304,-0.5479374945840496,-0.1396977793332827
305,-0.4165295418179614,-0.07880138298572877
306,-0.8524503136170436,0.25934910175727705
307,0.44120767349289064,0.6387024443948678
308,0.41025240602838475,0.6068414373326941
309,-0.4043794439941957,0.05252423009745277
310,-0.38162918761768583,0.024507327724251092
311,-0.4382698279885108,0.03549791007853941
312,-0.43938007713271005,0.0593024777196773
313,-0.4427302741326741,0.04660384977166166
314,-0.04892774795121778,-0.08502886879168498
315,-0.10575076861120906,-0.033060644692025236
316,-0.06784376027944804,-0.1181725901550708
317,-0.046613456920747615,-0.11415853772349062
318,-0.04281664607273982,-0.12411936043721081
319,-0.01970880768618657,-0.10704603470553484
320,-0.029824673364682495,-0.1164084342391347
321,-0.05840994428921625,-0.12345735400257851
322,-0.08534751390119433,0.4450806012617834
323,0.044122653930711235,0.4202785424444893
324,-0.10443145466009338,0.48665490039968207
325,-0.07717213724213984,0.48015549075497227
326,-0.09334437131692329,0.47867821944355726
327,-0.07915978199025243,0.48947116024729026
328,-0.10936391365829282,0.4770719636814614
329,-0.0921137802299294,0.49012055284903194
330,-0.8080554311870304,0.14590049735507127
331,-0.7621427608116418,0.13852902705795836
332,-0.658438172798603,0.03632562487544037
333,-0.7828785255418563,0.03411984324730102
334,-0.7016944436355304,0.018358816209601805
335,-0.7060015665668198,0.02894640969983375
336,0.2096777682817971,0.3421845074285905
337,0.3431732297620201,0.3848152094831453
338,0.21270941095762594,0.3702229792325178
339,0.19680491515272266,0.3718395167957886
340,0.22871871431060928,0.36319809504196543
341,0.23882521830611156,0.3508802886181905
342,0.5969612523430855,-0.32304469072675396
343,0.6390242074234259,-0.33420533258235885
344,0.6247366779236494,-0.3493397564816089
345,0.6359664756247664,-0.3442641527822046
346,0.4095694700135929,0.33746212085244653
347,0.2872046278747354,0.17143336871848325
348,0.35565757868506814,0.21317164023337976
349,0.21472850338284363,0.1274243837658538
350,-0.5625872407020487,0.0899162538705631
351,-0.6673981085598242,0.11534240311801194
352,-0.6067586876568642,0.09451071397846586
353,0.658726366573608,-0.45813751478222237
354,0.6970775214729514,-0.4753975297110282
355,0.6067040782964722,-0.4334783879024204
356,0.1849044862651476,-0.02423695752328059
357,-0.315244061404608,0.24110549098506223
358,0.12947969644649443,-0.014611742485663567
359,0.44380258497422376,0.389178329064613
360,-0.19683157703644466,0.37942763507446925
361,-0.3109645070623126,0.38005187451623523
362,-0.20511546893012256,0.42161204735338925
363,-0.19031281457146618,0.4166005782514585
364,-0.20309287630446976,0.4112550549194716
365,-0.2171935059263738,0.4137914411588671
366,0.5418984806776818,0.3189016517901116
367,0.5867980054075399,0.33754401763397873
368,0.5778497610374627,0.34423183755992814
369,0.5879769595169808,0.3274514612053504
370,0.22817775292068262,0.40678828286123214
371,0.26642846650135477,0.4206211797433523
372,0.2575702711022653,0.4298440448041961
373,0.17022350897728686,0.3772559994570433
374,0.01677943431772741,0.24438218181021093
375,0.002939764146465255,0.2853862582154146
376,0.033338856640448444,0.18969736427911438
377,0.4224256701271952,0.4339376321832704
378,0.4412529956758442,0.4734307755540822
379,0.4574199884711101,0.470217250750934
380,0.44920671402332396,0.46528070468712984
381,0.46368163054227063,0.4580420484391065
382,-0.10513864850728212,0.1102760232373428
383,-0.12842406568382234,0.14036686176506727
384,-0.148453448469011,0.19320745199093312
385,-0.12581048045274523,0.15693690823039347
386,-0.2407753485825458,-0.042358000657323064
387,-0.2204806812762356,-0.07440350644594157
388,-0.26429835539532154,-0.0004094688404332903
389,0.54038155876128,-0.6059045214308841
390,0.5836698005011508,-0.5347713254150309
391,0.5739041330335846,-0.6157362479352149
392,0.56834220628858,-0.6319230812399401
393,0.5555818106301861,-0.6337501424075571
394,0.5788931816125299,-0.6253610867185135
395,0.13442943993962597,0.3698699111208687
396,0.1934000139892574,0.4551408221707748
397,0.07929828806984572,0.2796644805650712
398,-0.02383048314236139,-0.1656053552942944
399,0.6143024000038968,-0.1053597895105305
400,0.6534827776454952,-0.6344380396096406
401,0.6877405022627935,-0.659520389267659
402,0.6951210898524302,-0.6497400419668804
403,0.5892974371945299,-0.6007787008184952
404,0.2590192999555882,0.48824884780269034
405,0.4364737787003023,-0.19608267033690577
406,0.5604445994016836,-0.16114131014854038
407,0.4322141791089411,-0.22673122952314298
408,0.471419491168072,-0.20735820014476922
409,0.4596929175969541,-0.21368286387298926
410,0.45199659027734657,-0.23041886456974264
411,0.46643484490307596,-0.2233100719409065
412,0.4446850324138166,-0.22109340501456676
413,0.1604957663618576,0.6483082096919289
414,0.5623458938442167,-0.6837431207428118
415,0.5186909970876336,-0.6313705461854981
416,0.5751816340233169,-0.7161174430033518
417,0.5881088124282167,-0.7181938303988793
418,0.5896407094289542,-0.7058850540787449
419,0.6007283701247733,-0.7114095701581415
420,0.6032386994430148,-0.6994258179644227
421,-0.10740855555285353,0.140624204817662
422,-0.12771433689765868,-0.039311983531649136
423,-0.07044699375794969,-0.10899883932128851
424,-0.09780405066459949,-0.04666878736092671
425,-0.1212551229457527,-0.06929473276187742
426,-0.10019475973085774,-0.06358847467084368
427,-0.0929576803590604,-0.05586910323970109
428,-0.10939940280394153,-0.07087968731414797
429,-0.43260242613142574,0.12857126653284895
430,-0.38657630596049103,0.04065964993981538
431,-0.4693033628215089,0.1366717761379061
432,-0.4520960888062053,0.15545133697223296
433,-0.4644111651494483,0.15350886631171812
434,-0.47346795181755436,0.14625693312913415
435,-0.4742864935358011,0.06278528513077004
436,-0.3964087298281083,0.010253008310442827
437,-0.5176051545433707,0.05265714472937993
438,-0.5145419378945448,0.04273041959759951
439,-0.5117124408149785,0.060889749402502476
440,-0.5037482940352745,0.03871845705386683
441,-0.6273911062628919,0.05226690194601917
442,0.19493499621821347,-0.9632586242514559
443,0.18772840828319617,-1.0
444,0.1738106190283507,-0.9957994818887068
445,0.2285537718756725,-0.9054756169043034
446,-0.29306285823285705,0.3787740403452909
447,-0.34620773656706627,0.4186491302780082
448,-0.3037497640211269,0.4126209549526531
449,-0.3010561252367995,0.4234696559013085
450,-0.314228786771184,0.4203699163644957
451,-0.31952430135317417,0.41056700870577684
452,-0.2897595170088207,0.41774337810030593
453,-0.8591652136022799,-0.022435377341183994
454,-0.5778919212313587,-0.044644367764815764
455,-0.6663214902074344,-0.03269284305731576
456,-0.6224725668762165,-0.0586894869836501
457,-0.6060867935114862,-0.07778666606731434
458,-0.6206810416060915,-0.0711751102839926
459,-0.6105188411222224,-0.06687643822438198
460,-0.2302435521919079,-0.08211008150496976
461,-0.1907025636941422,-0.009752322969187058
462,-0.2287866388664709,-0.12007128120420618
463,-0.23994498917726298,-0.12356612502819607
464,-0.24910925364945108,-0.11697825464047937
465,0.2646930707340835,-0.022419028904786892
466,0.2944355548323659,-0.03593080948999601
467,0.22369599885531388,-0.002374884291383078
468,-0.740299489362311,0.16955038349317156
469,-0.8085022299683445,0.21871815042659404
470,-0.7726731679474678,0.19535572258771813
471,-0.7814936730439339,0.1851400974693747
472,0.5132459842540696,0.45616369747490404
473,0.4714406006243044,0.43113189255541506
474,-0.9597240957067541,0.24885147216468026
475,-0.9903877279143887,0.2778819440668899
476,-1.0,0.26829274886099747
477,-0.9060153603416278,0.20197545910849643
478,-0.33530670511506533,0.13007431685300674
479,-0.09227804607973053,0.2739380835547797
480,-0.2534368906420535,0.22305160179626582
481,-0.07296992109141703,0.297263854537293
482,-0.08113165779413677,0.30684697006944717
483,-0.1125553837854329,0.296100759306996
484,-0.09696097145876642,0.2986840245992845
485,-0.0957179402264117,0.30985256407028455
486,-0.20485726600008752,-0.035825994722656615
487,-0.5533419123094744,0.06373069674880126
488,-0.1306952898151245,0.03498187541826831
489,0.6388220618271634,-0.013557686501884344
490,0.20309780643601513,-0.9501603248103789
491,0.22622772630611226,-0.9210048917709915
492,0.3573530469082008,-0.8911157851625507
493,0.3685834219619668,-0.9290521744285173
494,0.35435030794936706,-0.92980706725101
495,0.3563080386133487,-0.8260625013034718
496,-0.2677082723099257,0.2259764017014942
497,-0.22501253872618315,0.1726813856660204
498,-0.3088370708040392,0.27326744189727664
499,0.6599414052236169,-0.15783505541972356
500,0.6153374489655522,-0.1451188515521633
