branch_id,loading,p_from,q_from,p_to,q_to
1,0.5547403658941377,-1.2706964015960693,-0.21078777313232422,1.2951411008834839,0.30706310272216797
2,0.4202498126489615,-1.025707721710205,0.3769378662109375,1.0296835899353027,-0.3623809814453125
3,0.4202498126489615,-1.025707721710205,0.3769378662109375,1.0296835899353027,-0.3623809814453125
4,0.7051561382395323,1.1451354026794434,-1.3585128784179688,-1.1358413696289062,1.4084205627441406
5,0.23535784635155577,-0.5129947662353516,-0.02147674560546875,0.5146079063415527,0.01711273193359375
6,0.2970762508909245,-0.667900562286377,-0.07436561584472656,0.6709752082824707,0.07402610778808594
7,0.1390284872044935,-0.2587099075317383,-0.096588134765625,0.2590298652648926,0.0889739990234375
8,0.42078816443574146,-1.114806890487671,-0.06475067138671875,1.1283700466156006,0.1168365478515625
9,0.32575669644514027,-1.0910844802856445,0.030666351318359375,1.0964221954345703,-0.050933837890625
10,0.4725719943294301,-1.095865249633789,-0.04615020751953125,1.0985660552978516,0.05243682861328125
11,0.2834097071515819,0.6001113653182983,-0.05099296569824219,-0.5958256721496582,0.06754398345947266
12,0.2720733201289099,-0.5860207080841064,-0.05018806457519531,0.5879502296447754,0.0288543701171875
13,0.20997560474903576,0.41270148754119873,-0.11635875701904297,-0.4081217050552368,0.09446239471435547
14,0.2083153948414271,0.42376708984375,0.0123291015625,-0.4231853485107422,-0.07568740844726562
15,0.35989549658730047,-0.8375225067138672,-0.005275726318359375,0.839634895324707,0.0110931396484375
16,0.33467284988753354,0.7573211193084717,0.08945083618164062,-0.7521345615386963,-0.09484291076660156
17,0.35524315404019946,0.5474352836608887,-0.7520618438720703,-0.5412755012512207,0.7670516967773438
18,0.37052136910400374,0.798098087310791,-0.13636016845703125,-0.7916820049285889,0.15282821655273438
19,0.3364605583986987,0.7545425891876221,0.021514892578125,-0.7482218742370605,-0.0094757080078125
20,0.4140762612702199,-0.9651856422424316,-0.12414360046386719,0.971318244934082,0.12599563598632812
21,0.4086182283797678,0.9895977973937988,-0.15854644775390625,-0.9804873466491699,0.18273544311523438
22,0.25540914709500034,0.5311756134033203,-0.2088603973388672,-0.5284891128540039,0.19405746459960938
23,0.45208950184148433,-1.2477359771728516,0.0554351806640625,1.253589153289795,-0.04904937744140625
24,0.45208950184148433,-1.2477359771728516,0.0554351806640625,1.253589153289795,-0.04904937744140625
25,0.3760073370896891,0.9425005912780762,-0.04909515380859375,-0.9380569458007812,0.0494537353515625
26,0.27411374885610307,-0.5145750045776367,-0.2735481262207031,0.5157032012939453,0.24182891845703125
27,0.001914289907288272,-1.90362548828125,-0.19140625,1.9043121337890625,0.19500732421875
28,0.2120559649566588,0.46711254119873047,0.2118682861328125,-0.46651268005371094,-0.243133544921875
29,0.2416040553876889,2.5939886569976807,-0.130950927734375,-2.58481502532959,-0.17835235595703125
30,0.4207011004622787,-4.163977146148682,-0.30921173095703125,4.195358753204346,-0.3868141174316406
31,0.1125633961026858,0.23884153366088867,0.08259010314941406,-0.23831701278686523,-0.11820411682128906
32,0.13710978590202094,-0.3118739128112793,-0.11136627197265625,0.31220531463623047,0.08258056640625
33,0.3772724845796529,0.920034646987915,0.03387451171875,-0.912848949432373,-0.011049270629882812
34,0.0009448470236180235,0.8963775634765625,0.2987060546875,-0.896209716796875,-0.2978515625
35,0.3800197506752269,-4.300662994384766,-0.6185111999511719,4.32670783996582,0.6516761779785156
36,0.07066752731359642,0.14505481719970703,-0.023366928100585938,-0.1448347568511963,0.009195327758789062
37,0.11251543989424913,0.20252132415771484,-0.16272735595703125,-0.20227909088134766,0.1544036865234375
38,0.20316246793571016,-0.372347354888916,-0.09295082092285156,0.37332630157470703,0.056148529052734375
39,0.1191435657805926,-0.30953264236450195,-0.18964004516601562,0.31024932861328125,0.16691207885742188
40,0.4487096770018985,1.2552101612091064,-0.05436897277832031,-1.2425508499145508,0.10647392272949219
41,0.3758942372778486,-1.333169937133789,-0.15227890014648438,1.3415026664733887,0.13886642456054688
42,0.36288634417009163,-0.832561731338501,-0.03740501403808594,0.8396143913269043,0.023267745971679688
43,0.2987194620109477,0.5223636627197266,-0.26833152770996094,-0.5201101303100586,0.2658710479736328
44,0.4452027583054512,1.1352152824401855,0.4084358215332031,-1.1304888725280762,-0.4050788879394531
45,0.4452027583054512,1.1352152824401855,0.4084358215332031,-1.1304888725280762,-0.4050788879394531
46,0.2816498724475203,0.5498275756835938,-0.33349609375,-0.5487251281738281,0.3295707702636719
47,0.44026633018554495,-0.8676156997680664,-0.817840576171875,0.8734111785888672,0.8453178405761719
48,0.15893872300379977,-0.29125022888183594,0.0561676025390625,0.29149532318115234,-0.07030487060546875
50,0.2944400728360415,-0.6301522254943848,-0.12139701843261719,0.6331300735473633,0.11846160888671875
51,0.29472133031949915,-0.44698143005371094,-0.3887138366699219,0.44959497451782227,0.3718719482421875
52,0.4792849512975105,-1.2055158615112305,-0.0681304931640625,1.209817886352539,0.0688629150390625
53,0.17424485695804337,0.3267838954925537,-0.14075374603271484,-0.3255612850189209,0.11667156219482422
54,0.332112719086541,0.7499456405639648,-0.4267463684082031,-0.7473106384277344,0.42971038818359375
55,0.332112719086541,0.7499456405639648,-0.4267463684082031,-0.7473106384277344,0.42971038818359375
56,0.7006859723011358,-2.062683582305908,0.14576339721679688,2.0789380073547363,-0.041675567626953125
57,0.7006859723011358,-2.062683582305908,0.14576339721679688,2.0789380073547363,-0.041675567626953125
59,0.006213123763207687,-5.3394317626953125,-3.12310791015625,5.3481597900390625,3.16217041015625
60,0.5819839503304532,1.598487377166748,0.8138275146484375,-1.5863137245178223,-0.7585258483886719
61,0.197508349724518,-1.8794078826904297,-1.4789962768554688,1.8851466178894043,1.2401580810546875
62,0.3069596278788246,-3.2937164306640625,-1.7168235778808594,3.3145194053649902,1.6670303344726562
63,0.5547430584511908,-1.2514419555664062,-0.41378021240234375,1.258885383605957,0.43691253662109375
64,0.2175455366193568,0.005400180816650391,0.42324066162109375,-0.004596710205078125,-0.4278221130371094
65,0.2532303248149887,0.5475177764892578,-0.13918304443359375,-0.5462970733642578,0.13865280151367188
66,0.376998804104568,0.7617340087890625,1.309539794921875,-0.7568597793579102,-1.2963638305664062
67,0.1898434275896426,-0.022531509399414062,0.38124847412109375,0.023024559020996094,-0.404052734375
68,0.45099626962553535,-1.303654670715332,0.06688308715820312,1.309647560119629,-0.06524276733398438
69,0.45099626962553535,-1.303654670715332,0.06688308715820312,1.309647560119629,-0.06524276733398438
70,0.6417790969240774,0.7996382713317871,-1.8786888122558594,-0.7788791656494141,1.9303321838378906
71,0.32517953872158717,-0.6460070610046387,-0.2088775634765625,0.6483035087585449,0.21088027954101562
72,0.3797056817174005,0.8706035614013672,0.106719970703125,-0.8671722412109375,-0.12244796752929688
73,0.47877527423667726,-1.2665305137634277,-0.04643821716308594,1.286938190460205,0.12235069274902344
74,0.1294676974872659,0.24961185455322266,-0.10871124267578125,-0.24942779541015625,0.09701156616210938
75,0.4977550739637282,1.2980318069458008,0.180267333984375,-1.2914514541625977,-0.15982818603515625
76,0.44388685899565816,-1.291717529296875,-0.27690887451171875,1.2965831756591797,0.2939453125
77,0.20320448800516072,0.4077310562133789,0.08771133422851562,-0.4072847366333008,-0.0969390869140625
78,0.3639067966236284,-1.0863733291625977,-0.05800437927246094,1.096181869506836,0.07964324951171875
79,0.5007734220906765,-1.3957343101501465,-0.11323738098144531,1.4063422679901123,0.1266193389892578
80,0.5007734220906765,-1.3957343101501465,-0.11323738098144531,1.4063422679901123,0.1266193389892578
81,0.5007734220906765,-1.3957343101501465,-0.11323738098144531,1.4063422679901123,0.1266193389892578
82,0.008471307906214505,-8.451248168945312,-0.24981689453125,8.46527099609375,0.3175048828125
83,0.3197338221775114,0.6557612419128418,0.3093376159667969,-0.6530885696411133,-0.3030815124511719
84,0.5011120260642374,1.138014316558838,0.18904876708984375,-1.1316227912902832,-0.16727638244628906
85,0.5394272951137856,1.4391570091247559,-0.33150482177734375,-1.4300217628479004,0.3633995056152344
86,0.5394272951137856,1.4391570091247559,-0.33150482177734375,-1.4300217628479004,0.3633995056152344
87,0.21707183492126,0.3922271728515625,-0.19805908203125,-0.3918275833129883,0.1387939453125
88,0.106152694461826,-0.1956772804260254,-0.040955543518066406,0.19609975814819336,0.022970199584960938
89,0.25874698669399104,0.5088528394699097,0.04481315612792969,-0.5015064477920532,-0.10720348358154297
90,0.2724700180317869,0.7625589370727539,-0.2943859100341797,-0.7585492134094238,0.2533149719238281
91,0.26376394787943197,0.3915224075317383,-0.6334552764892578,-0.38750505447387695,0.6296901702880859
92,0.141126807274142,-0.048198580741882324,0.2602529525756836,0.04957473278045654,-0.2908306121826172
93,0.18525359117387816,-0.29437780380249023,0.3034839630126953,0.2961101531982422,-0.31885337829589844
94,0.503365881279329,-1.0415306091308594,-0.10580825805664062,1.0465171337127686,0.12321853637695312
95,0.09355174829955959,-0.16430962085723877,0.17944908142089844,0.1656433343887329,-0.20818471908569336
96,0.2616525416670214,0.35055530071258545,-0.40819358825683594,-0.34656333923339844,0.37085533142089844
97,0.2810883874918661,-0.5594519376754761,0.2097635269165039,0.5667080879211426,-0.21497058868408203
98,0.5447811622312089,-1.490199089050293,0.04453468322753906,1.5032010078430176,-0.04293060302734375
99,0.47156284735748805,-1.490199089050293,0.04453468322753906,1.5032010078430176,-0.04293060302734375
100,0.1505885937796703,-0.3026704788208008,-0.0602874755859375,0.3030252456665039,0.035457611083984375
101,0.010178598986909504,-0.0022172927856445312,-0.01900482177734375,0.002217531204223633,-0.0143280029296875
102,0.3073744882449698,-0.6784038543701172,-0.05561351776123047,0.6830393075942993,0.061969757080078125
103,0.2805024387177569,-0.5644536018371582,0.17910289764404297,0.5685670375823975,-0.1768035888671875
104,0.4042924855576553,-0.9410607814788818,-0.1272754669189453,0.9496233463287354,0.1321887969970703
105,0.6362825195744336,1.4508535861968994,-0.17799949645996094,-1.4400978088378906,0.2139606475830078
106,0.6881358734646865,-1.665083408355713,0.19214630126953125,1.6748676300048828,-0.14639663696289062
107,0.10693536840197271,0.22716224193572998,0.047027587890625,-0.22585296630859375,-0.09772872924804688
108,0.1497495007371845,-0.2983880043029785,0.020290374755859375,0.3007645606994629,-0.047840118408203125
109,0.06763333802424938,-0.12449073791503906,0.015237808227539062,0.12460851669311523,-0.026233673095703125
110,0.322512389691287,-1.3157453536987305,-0.06666183471679688,1.3223342895507812,0.08813095092773438
111,0.18027700254506074,-0.47585010528564453,0.046184539794921875,0.47742223739624023,-0.052936553955078125
112,0.09192786607619163,-0.14197397232055664,-0.11873245239257812,0.14217901229858398,0.07247734069824219
113,0.3487112199361948,0.4196493625640869,-0.5896682739257812,-0.4176802635192871,0.5901222229003906
114,0.35579528018892104,0.6868381500244141,-0.3813323974609375,-0.684013843536377,0.36998748779296875
115,0.49330435377642806,-1.3903446197509766,0.3313407897949219,1.3984870910644531,-0.476837158203125
116,0.10175555058509803,0.07277250289916992,-0.24077224731445312,-0.07241439819335938,0.18268775939941406
117,0.4527752229189383,1.016107439994812,-0.2585735321044922,-1.006920337677002,0.2899951934814453
118,0.2563409148739554,-0.5133905410766602,-0.02801513671875,0.5144214630126953,0.01044464111328125
119,0.0472592261183793,0.054564476013183594,-0.07059669494628906,-0.05451083183288574,0.04356193542480469
120,0.15546660873201365,-0.25008153915405273,0.22359085083007812,0.2508585453033447,-0.2538719177246094
121,0.15656830584158188,-0.2154865264892578,-0.23677444458007812,0.21634292602539062,0.22426223754882812
122,0.3524827022043158,-0.7353954315185547,-0.11729049682617188,0.7374420166015625,0.09716033935546875
123,0.28507681957845543,-0.6040644645690918,-0.1336212158203125,0.6080999374389648,0.13175010681152344
124,0.08222728006499778,-0.12284398078918457,-0.116912841796875,0.12311673164367676,0.10638809204101562
125,0.0007831254208213218,-0.7757861018180847,0.10690689086914062,0.7757861614227295,-0.09042739868164062
126,0.1514254662056958,-0.29546546936035156,0.07534027099609375,0.2956809997558594,-0.08404541015625
127,0.41584453176061903,-0.9726524353027344,-0.3677215576171875,0.9758472442626953,0.3639984130859375
128,0.23591700232527893,-0.4459400177001953,-0.20802879333496094,0.44739389419555664,0.19764137268066406
129,0.2099993273525096,0.43557214736938477,0.0188446044921875,-0.4347100257873535,-0.029308319091796875
130,0.5070900012604174,1.480224609375,0.13791656494140625,-1.4699697494506836,-0.16664886474609375
131,0.20519208575095213,-0.43462562561035156,-0.06547164916992188,0.43512868881225586,-0.0770721435546875
132,0.152110805583734,0.2215735912322998,-0.21917343139648438,-0.2206404209136963,0.1986865997314453
133,0.532986343390551,-1.3430051803588867,-0.024672508239746094,1.3640292882919312,0.13378429412841797
134,0.3874792026134204,-0.8465671539306641,-0.13381195068359375,0.8499693870544434,0.14551162719726562
135,0.13525698722411889,0.2796630859375,0.0391082763671875,-0.2793588638305664,-0.0536956787109375
136,0.23045118583577817,0.5981707572937012,0.0036907196044921875,-0.5953030586242676,-0.010869979858398438
137,0.23045118583577817,0.5981707572937012,0.0036907196044921875,-0.5953030586242676,-0.010869979858398438
138,0.4301688134286387,1.0567481517791748,0.06547355651855469,-1.051891803741455,-0.05902099609375
139,0.3491956780263411,-0.8949241638183594,-0.05094146728515625,0.899770975112915,0.06197166442871094
140,0.11625649927918301,-0.19955158233642578,-0.052642822265625,0.1998915672302246,0.03751182556152344
141,0.46322440239607304,-1.026169776916504,0.06044960021972656,1.0322284698486328,-0.05397987365722656
142,0.22772153190230837,0.5363237857818604,-0.06573867797851562,-0.5347189903259277,0.06610679626464844
143,0.1884734994276958,0.4862403869628906,-0.02188873291015625,-0.4845705032348633,0.010362625122070312
144,0.3108636216187131,-0.8962421417236328,0.03934764862060547,0.9103071689605713,-0.029937744140625
145,0.3108636216187131,-0.8962421417236328,0.03934764862060547,0.9103071689605713,-0.029937744140625
146,0.4135420968775527,-0.9537158012390137,0.2613964080810547,0.959104061126709,-0.24580955505371094
147,0.2848281765658042,-0.7330741882324219,-0.021303176879882812,0.7370150089263916,0.03318977355957031
148,0.0012083272331556247,1.137603759765625,0.40728759765625,-1.1372833251953125,-0.406005859375
149,0.3100787885462833,-4.5109100341796875,-0.17266845703125,4.5315842628479,0.19118499755859375
150,0.2271851545882265,0.5306506156921387,0.07983016967773438,-0.5282816886901855,-0.09673690795898438
151,0.44887055447123203,1.1506261825561523,0.076904296875,-1.1406326293945312,-0.052165985107421875
152,0.09397396950288109,-0.15554428100585938,-0.11899566650390625,0.1557021141052246,0.09712600708007812
153,0.1929957170295474,-0.32688045501708984,-0.07975196838378906,0.3281075954437256,0.055522918701171875
154,0.04786645294156307,-0.5127191543579102,-0.1073455810546875,0.5129976272583008,-0.185089111328125
155,0.0013164377523173917,1.130096435546875,0.6751708984375,-1.12969970703125,-0.673583984375
156,0.17939441145377286,-2.2530269622802734,-0.3040275573730469,2.263868570327759,-0.15671157836914062
157,0.050206105906934625,0.4173433780670166,-0.3419075012207031,-0.4170219898223877,-0.25087738037109375
158,0.47094965304818015,1.4122419357299805,0.30242919921875,-1.3978352546691895,-0.2423725128173828
159,0.23920534536896218,-0.5374717712402344,-0.278533935546875,0.5384349822998047,0.2599945068359375
160,0.20861885802787566,0.3541138172149658,-0.18359756469726562,-0.3522305488586426,0.1734466552734375
161,0.13544765158938962,0.2779977321624756,0.07840156555175781,-0.27739596366882324,-0.13510894775390625
162,0.28293790405683605,-0.5698370933532715,-0.16168212890625,0.5716636180877686,0.1444549560546875
163,0.10604075746704636,-0.21210694313049316,-0.09603214263916016,0.2128281593322754,0.07133197784423828
164,0.35293907443582584,-0.7800602912902832,-0.12546539306640625,0.782895565032959,0.12041091918945312
165,0.08721708312670785,0.16653203964233398,-0.0069293975830078125,-0.1662428379058838,-0.01798248291015625
166,0.23986263246968753,-0.5371792316436768,0.20581531524658203,0.5425691604614258,-0.2223653793334961
167,0.1451780075278555,0.17673814296722412,-0.22444915771484375,-0.1759641170501709,0.16864395141601562
168,0.2417605390710079,0.43207311630249023,-0.2266712188720703,-0.42998337745666504,0.21339797973632812
169,0.38483133917297685,-0.8409388065338135,0.10731315612792969,0.8594703674316406,-0.06627941131591797
170,0.003702271309528083,-3.6636810302734375,-0.4920654296875,3.66741943359375,0.50653076171875
171,0.4318905316177339,1.0282118320465088,-0.04967498779296875,-1.020662546157837,0.05194854736328125
172,0.29679802189246707,-3.591437339782715,-0.635345458984375,3.6120731830596924,0.32579803466796875
173,0.16441505443494256,0.3619060516357422,-0.006234169006347656,-0.3596177101135254,-0.01247406005859375
174,0.407611836099432,0.8651332855224609,0.1739044189453125,-0.8622293472290039,-0.179840087890625
175,0.603748151745505,-1.49505615234375,-0.20714569091796875,1.5045766830444336,0.2393646240234375
176,0.22524674241240825,-0.4508514404296875,-0.17085838317871094,0.45196533203125,0.16637039184570312
177,0.6175435026155269,-1.4798049926757812,-0.4325370788574219,1.4885287284851074,0.40328216552734375
178,0.1494096688859453,0.30195140838623047,-0.019792556762695312,-0.3012959957122803,-0.016397476196289062
179,0.3759126000876799,-0.836310863494873,-0.15087127685546875,0.8404321670532227,0.15475845336914062
180,0.21882295969419166,0.4508047103881836,0.0661773681640625,-0.4491300582885742,-0.07683563232421875
181,0.41396449176843103,-0.9074289798736572,-0.17071151733398438,0.9164385795593262,0.18961715698242188
182,0.37711386963548815,-0.8668813705444336,-0.00519561767578125,0.8696951866149902,0.002895355224609375
183,0.2906439710473545,0.6032257080078125,-0.2024059295654297,-0.6002519130706787,0.1933574676513672
184,0.23502332654710345,-0.4994161128997803,0.09376144409179688,0.502396821975708,-0.09291839599609375
185,0.29790013927193426,-0.6375007629394531,0.1638965606689453,0.6412723064422607,-0.1661243438720703
186,0.6183970071677592,-1.3317222595214844,0.24707794189453125,1.3397483825683594,-0.3334999084472656
187,0.0022464292049808807,-2.1015625,-0.785888671875,2.10260009765625,0.79083251953125
188,0.26415009073464585,0.3576068878173828,0.16807937622070312,-0.3569154739379883,-0.3531837463378906
189,0.20231846695636269,-2.4889540672302246,-0.4291648864746094,2.497303009033203,-0.22484588623046875
190,0.3673872628390598,-0.8650732040405273,-0.26953887939453125,0.8692150115966797,0.2763099670410156
191,0.3552939344520425,1.1152238845825195,0.25850677490234375,-1.1089563369750977,-0.236480712890625
192,0.14463416107208174,0.3881561756134033,-0.17798614501953125,-0.387204647064209,0.16292953491210938
193,0.3817615464947409,-1.004526138305664,-0.1440887451171875,1.0118975639343262,0.1521587371826172
194,0.10247240443853786,0.15738630294799805,-0.130340576171875,-0.1572580337524414,0.11738204956054688
195,0.06300511250332719,0.08053195476531982,0.03152179718017578,-0.0804605484008789,-0.06306743621826172
196,0.7060357626758118,-1.2425334453582764,0.21278858184814453,1.2674270868301392,-0.10168743133544922
197,0.36119772363294667,0.706897497177124,-0.3012523651123047,-0.7022078037261963,0.31113624572753906
198,0.09816060366609247,-0.1283726692199707,-0.18061447143554688,0.12856674194335938,0.154144287109375
199,0.13405429416391135,-0.3319973945617676,-0.0313720703125,0.3338589668273926,-0.022249221801757812
200,0.0006027582872879762,0.5659992694854736,-0.19905471801757812,-0.5659992098808289,0.20725631713867188
201,0.2287942457537321,-0.4225170612335205,0.005503654479980469,0.4246649742126465,-0.019220352172851562
202,0.18313369779593353,0.2438502311706543,-0.2764263153076172,-0.24320125579833984,0.2640972137451172
203,0.2783885812761474,0.575526237487793,0.0747222900390625,-0.5726397037506104,-0.086578369140625
204,0.48241611887199465,-1.063432216644287,0.3484973907470703,1.0713577270507812,-0.3370094299316406
205,0.30235973754651907,-0.6111555099487305,-0.13471412658691406,0.6145153045654297,0.12797164916992188
206,0.00046149022953355286,0.436187744140625,0.15069580078125,-0.4361419677734375,-0.15057373046875
207,0.2812670598102449,-3.322610855102539,-0.3551292419433594,3.345555305480957,0.056793212890625
208,0.3732232799460953,0.7997862100601196,0.05059623718261719,-0.793766975402832,-0.049477577209472656
209,0.6537013862772941,1.694724440574646,0.17632675170898438,-1.6774027347564697,-0.07946586608886719
211,0.22847820725902962,-0.17503809928894043,0.3917999267578125,0.1772303581237793,-0.39910888671875
212,0.39202298418625253,0.9219417572021484,-0.019861221313476562,-0.9164834022521973,0.03137779235839844
213,0.4742088440623,-1.3422317504882812,-0.07374954223632812,1.3518280982971191,0.08167266845703125
214,0.38412361880839063,-0.8199377059936523,-0.27285003662109375,0.8228273391723633,0.2845954895019531
215,0.45120121344156866,1.0682621002197266,0.06592559814453125,-1.0597152709960938,-0.0298004150390625
216,0.16721086098423374,0.35011935234069824,-0.17062950134277344,-0.34885740280151367,0.14963531494140625
217,0.09290661073602838,0.17046642303466797,0.0180511474609375,-0.1703777313232422,-0.04361724853515625
218,0.43967887696413804,1.14874267578125,0.09814453125,-1.1476783752441406,-0.11395263671875
219,0.43967887696413804,1.14874267578125,0.09814453125,-1.1476783752441406,-0.11395263671875
220,0.4781847180902129,-1.4402275085449219,-0.20380783081054688,1.449294090270996,0.20467758178710938
221,0.4781847180902129,-1.4402275085449219,-0.20380783081054688,1.449294090270996,0.20467758178710938
222,0.4781847180902129,-1.4402275085449219,-0.20380783081054688,1.449294090270996,0.20467758178710938
223,0.7340942789709876,-1.4902255535125732,0.07796192169189453,1.5130974054336548,0.03723907470703125
224,0.08130309198937917,0.1271204948425293,-0.11918830871582031,-0.12693071365356445,0.09062385559082031
225,0.14698384236530457,0.2844705581665039,-0.09352493286132812,-0.2837817668914795,0.07552719116210938
226,0.32507633176309236,-0.7102534770965576,0.024900436401367188,0.7173815965652466,-0.022553443908691406
227,0.3316653235684464,-0.4540262222290039,-0.5447731018066406,0.4556846618652344,0.53924560546875
228,0.22847315532138038,-0.3872342109680176,0.24920082092285156,0.3884458541870117,-0.25716209411621094
229,0.36832854778134044,0.8389096260070801,-0.0526885986328125,-0.8357667922973633,0.062267303466796875
230,0.5124975579911704,-1.2554130554199219,0.164825439453125,1.2630352973937988,-0.12546348571777344
231,0.23339604687762674,0.4767570495605469,-0.12339019775390625,-0.4756202697753906,0.11049652099609375
232,0.4378647472680825,-1.13800048828125,0.05582427978515625,1.1434426307678223,-0.0825347900390625
233,0.4378647472680825,-1.13800048828125,0.05582427978515625,1.1434426307678223,-0.0825347900390625
234,0.10716108581387979,-0.10724258422851562,-0.15633010864257812,0.10763740539550781,0.14941024780273438
235,0.41286853564904696,0.8990035057067871,0.3246650695800781,-0.8945283889770508,-0.306243896484375
236,0.532607602314955,-1.3336372375488281,-0.4215431213378906,1.3381586074829102,0.43589019775390625
237,0.532607602314955,-1.3336372375488281,-0.4215431213378906,1.3381586074829102,0.43589019775390625
238,0.001444487762978511,1.40240478515625,0.3460693359375,-1.4020233154296875,-0.3443603515625
239,0.40601308609047,-5.092911243438721,-0.8388824462890625,5.12833309173584,0.653839111328125
240,0.21607189474964164,-2.3266749382019043,-0.7354469299316406,2.3354744911193848,0.487884521484375
241,0.24831938072757823,-2.6628456115722656,-0.9676132202148438,2.6716506481170654,0.6828689575195312
242,0.3123030591504962,0.6352252960205078,0.24781036376953125,-0.6320574283599854,-0.23754310607910156
243,0.6459725136837159,-1.4356555938720703,-0.7463760375976562,1.4418973922729492,0.7768707275390625
244,0.4798883893002907,0.963775634765625,0.5402069091796875,-0.9590816497802734,-0.5329627990722656
245,0.146024925778329,-0.28963184356689453,0.06090545654296875,0.28992366790771484,-0.06912994384765625
246,0.06969220685677058,-0.07814288139343262,-0.10688209533691406,0.07825899124145508,0.088714599609375
247,0.0629924349084076,-0.13671565055847168,-0.06121826171875,0.1369922161102295,0.03251361846923828
248,0.4689651567434204,0.8314199447631836,-0.31465721130371094,-0.8251748085021973,0.3127269744873047
249,0.45418385646325893,1.2482244968414307,0.12758827209472656,-1.2396650314331055,-0.0982818603515625
250,0.45418385646325893,1.2482244968414307,0.12758827209472656,-1.2396650314331055,-0.0982818603515625
251,0.45847190775304675,-1.2903051376342773,-0.169525146484375,1.298497200012207,0.1968841552734375
252,0.45847190775304675,-1.2903051376342773,-0.169525146484375,1.298497200012207,0.1968841552734375
253,0.45847190775304675,-1.2903051376342773,-0.169525146484375,1.298497200012207,0.1968841552734375
254,0.5067872476460304,0.9062967300415039,-0.0447845458984375,-0.8979535102844238,0.03774261474609375
255,0.6597012368504096,-1.926100492477417,0.17882823944091797,1.9653207063674927,0.03191566467285156
256,0.24916994682517402,0.24761295318603516,-0.3751239776611328,-0.24491667747497559,0.34852123260498047
257,0.42333056832757715,-0.9827589988708496,-0.10800552368164062,0.9880614280700684,0.09552001953125
258,0.37865758039580694,0.8334112167358398,0.186676025390625,-0.8287525177001953,-0.18199920654296875
259,0.5665364095749069,1.3158478736877441,-0.21246337890625,-1.2993288040161133,0.2562999725341797
260,0.6351487911387097,-1.7128398418426514,0.40523529052734375,1.7357032299041748,-0.30638885498046875
261,0.16674390957754592,-0.07437920570373535,-0.21627330780029297,0.07479202747344971,0.10652542114257812
262,0.16111380167716186,-0.5748094320297241,0.006984710693359375,0.5796449780464172,-0.03282356262207031
263,0.47302136185964844,-1.1015901565551758,-0.2689247131347656,1.1051616668701172,0.2843818664550781
264,0.3489872070275104,0.5560817718505859,0.4594879150390625,-0.5550117492675781,-0.46968841552734375
265,0.07902154474167575,0.11537361145019531,-0.08286666870117188,-0.11528682708740234,0.07481002807617188
266,0.359667761794319,1.0022010803222656,-0.09927177429199219,-0.993450403213501,0.13378334045410156
267,0.359667761794319,1.0022010803222656,-0.09927177429199219,-0.993450403213501,0.13378334045410156
268,0.43617366138536645,-1.6887273788452148,-0.36783599853515625,1.6946706771850586,0.343231201171875
269,0.43617366138536645,-1.6887273788452148,-0.36783599853515625,1.6946706771850586,0.343231201171875
270,0.16185604436731132,-0.3264431953430176,0.07499504089355469,0.32757043838500977,-0.09410667419433594
271,0.2366608741927985,0.04663848876953125,-0.4908485412597656,-0.045426368713378906,0.4839630126953125
272,0.04772196799915167,-0.02040386199951172,0.06850814819335938,0.020429611206054688,-0.08963775634765625
273,0.33120498031427,-0.7053813934326172,-0.27089691162109375,0.7081413269042969,0.26187896728515625
274,0.056427850463234716,-0.09462928771972656,0.019115447998046875,0.09465885162353516,-0.041576385498046875
275,0.5325587487372063,-1.4840059280395508,-0.0828704833984375,1.4876699447631836,0.10202789306640625
277,0.36095978086927594,-0.6505317687988281,0.8656997680664062,0.6568465232849121,-0.8525161743164062
278,0.25155514511694327,0.3561420440673828,0.2545204162597656,-0.35543251037597656,-0.27562713623046875
279,0.11580606189223261,-0.20974969863891602,-0.13794326782226562,0.21013760566711426,0.10210227966308594
280,0.16083672588347392,0.045966148376464844,-0.3596973419189453,-0.04534578323364258,0.35280799865722656
281,0.445325727329565,-1.1414275169372559,0.14681053161621094,1.151590347290039,-0.12317085266113281
282,0.445325727329565,-1.1414275169372559,0.14681053161621094,1.151590347290039,-0.12317085266113281
283,0.36591774918976716,0.7729535102844238,-0.25830650329589844,-0.7674322128295898,0.26731300354003906
284,0.4985137468358465,-1.226395606994629,0.08351898193359375,1.232161521911621,-0.08467864990234375
285,0.9348942757872167,3.7160587310791016,0.29323577880859375,-3.6955204010009766,-0.214202880859375
286,0.2759906387486462,0.5355143547058105,-0.031078338623046875,-0.5341949462890625,0.0245208740234375
287,0.6543215981101346,-1.572493553161621,-0.1970195770263672,1.5846779346466064,0.26462745666503906
288,0.7249859889411039,-1.134328842163086,0.46136474609375,1.137258529663086,-0.47180938720703125
289,0.30216237647510574,-0.4929676055908203,-0.5253028869628906,0.4951181411743164,0.5270919799804688
290,0.9169274210732847,2.7208168506622314,-0.09157562255859375,-2.6952104568481445,0.2724113464355469
291,0.4710303218900471,-0.8935046195983887,0.28003883361816406,0.897667407989502,-0.2622261047363281
292,0.49646010363507315,-1.167553424835205,-0.11567878723144531,1.1760625839233398,0.14157867431640625
293,0.5587243005737967,1.1109287738800049,-0.33699607849121094,-1.0988154411315918,0.3487358093261719
294,0.23058653647228397,-0.0320591926574707,-0.5276927947998047,0.034062862396240234,0.5166797637939453
295,0.2809796734988753,-0.6257367134094238,-0.20476150512695312,0.6278905868530273,0.20241928100585938
296,0.19491089116979493,-1.8850572109222412,-0.4180908203125,1.8917829990386963,0.040569305419921875
297,0.07773699087101583,0.3536489009857178,-0.9051399230957031,-0.353055477142334,-0.32997894287109375
298,0.0014234463157330847,1.3300018310546875,0.5072021484375,-1.3295745849609375,-0.5052490234375
299,0.2154232746335658,-2.4381113052368164,0.10869598388671875,2.4430108070373535,-0.42795562744140625
300,0.16655278144384722,0.38626575469970703,0.21927261352539062,-0.3857593536376953,-0.23234176635742188
301,0.11465984271894071,-0.2010498046875,-0.13660430908203125,0.2011394500732422,0.117156982421875
302,0.05963398097554767,0.10239696502685547,0.03491973876953125,-0.10236167907714844,-0.0653076171875
303,0.14059180561817194,0.30591559410095215,-0.1533832550048828,-0.3053913116455078,0.1397991180419922
304,0.2814512964519149,-0.55609130859375,0.1351165771484375,0.5575060844421387,-0.138458251953125
305,0.19738209319650768,0.3153343200683594,-0.24451446533203125,-0.3144264221191406,0.20188140869140625
306,0.14535275134102268,0.2871127128601074,0.11781883239746094,-0.2864224910736084,-0.12748146057128906
307,0.2623252541490993,0.4007275104522705,0.3503246307373047,-0.3993692398071289,-0.3648967742919922
308,0.15803823426818656,0.2521243095397949,-0.11486434936523438,-0.2514309883117676,0.10726547241210938
309,0.6260318966875171,-1.4201669692993164,-0.057186126708984375,1.434269905090332,0.08426666259765625
310,0.3546534730242694,-0.6747126579284668,-0.14248085021972656,0.6776771545410156,0.14093589782714844
311,0.19170990362377596,-0.4061012268066406,-0.0003108978271484375,0.40714502334594727,-0.016504287719726562
312,0.23916129350664325,-0.5359833240509033,0.012966156005859375,0.5380270481109619,-0.030698776245117188
313,0.08153851880892196,0.13941383361816406,-0.10503005981445312,-0.13931941986083984,0.069427490234375
314,0.38485756427814055,-0.8851425647735596,0.09774208068847656,0.8920354843139648,-0.10187721252441406
315,0.4126993749440705,0.9654936790466309,0.03932762145996094,-0.9592738151550293,-0.025869369506835938
316,0.5168433943858802,-1.4696636199951172,-0.15134429931640625,1.4741077423095703,0.1088409423828125
317,0.38094292419978104,-0.8174393177032471,-0.000400543212890625,0.8224589824676514,-0.013517379760742188
318,0.20880400091050555,0.31586170196533203,0.24332427978515625,-0.31507349014282227,-0.2854118347167969
319,0.4934156640620209,-1.1310954093933105,-0.3740196228027344,1.138535976409912,0.3716773986816406
320,0.2419373754423868,-0.5020973682403564,0.09565353393554688,0.5041515827178955,-0.09810829162597656
321,0.09031707391847876,0.027460098266601562,-0.1634960174560547,-0.027333736419677734,0.13765907287597656
322,0.33769900778337414,0.7225298881530762,0.12976455688476562,-0.7181234359741211,-0.127960205078125
323,0.48370488187222016,1.5271458625793457,-0.15353012084960938,-1.5155878067016602,0.1726837158203125
324,0.602878318601834,-1.6458215713500977,-0.115478515625,1.6655418872833252,0.21228599548339844
325,0.5725154694670809,-1.6458215713500977,-0.115478515625,1.6655418872833252,0.21228599548339844
326,0.06661730773182242,0.1392199993133545,-0.07940864562988281,-0.1389000415802002,0.05013561248779297
327,0.25325648006168516,-0.6968765258789062,0.08565139770507812,0.6986527442932129,-0.14113235473632812
328,0.25325648006168516,-0.6968765258789062,0.08565139770507812,0.6986527442932129,-0.14113235473632812
329,0.3522995741540097,-0.8564448356628418,0.2533416748046875,0.8618361949920654,-0.23549652099609375
330,0.6795698477930353,-1.7003917694091797,-0.4037628173828125,1.7052440643310547,0.42595672607421875
331,0.7485315776423632,-0.0032749176025390625,-1.6432685852050781,0.012134552001953125,1.6860237121582031
332,0.3793153964809891,1.0009653568267822,0.027921676635742188,-0.9907436370849609,-0.007904052734375
333,0.3793153964809891,1.0009653568267822,0.027921676635742188,-0.9907436370849609,-0.007904052734375
334,0.39269355273922696,0.8092467784881592,0.16567039489746094,-0.8058013916015625,-0.16534423828125
335,0.6177693234911245,-1.4217758178710938,-0.3754920959472656,1.4276394844055176,0.4071464538574219
336,0.26847928201565086,-0.5283317565917969,0.107452392578125,0.5289220809936523,-0.11089324951171875
337,0.22996696138129974,0.4927971363067627,-0.19507980346679688,-0.490800142288208,0.19717025756835938
338,0.46250401783202816,-1.117715835571289,0.4053840637207031,1.1297297477722168,-0.3921337127685547
339,0.21625591543012185,-0.41827917098999023,-0.1508331298828125,0.4188532829284668,0.119049072265625
340,0.38390179971814714,-0.82037353515625,0.31644248962402344,0.82731032371521,-0.29596900939941406
341,0.212620389219277,0.21036911010742188,-0.37778282165527344,-0.20858478546142578,0.36398887634277344
342,0.22508743566351602,-0.45739316940307617,-0.3248405456542969,0.4585099220275879,0.3103752136230469
343,0.7536822017859669,-1.726470947265625,0.087646484375,1.7416131496429443,-0.0157318115234375
344,0.5733973270857983,0.9795184135437012,-0.40287208557128906,-0.9726753234863281,0.42342567443847656
345,1.2426103498847612,-3.4307525157928467,0.5285606384277344,3.511108160018921,-0.009042739868164062
346,0.10712367120594657,-0.14130091667175293,-0.11791610717773438,0.1418309211730957,0.09489631652832031
347,0.10983527500597887,-0.12874627113342285,0.1495065689086914,0.12923288345336914,-0.1627645492553711
348,0.20527899216489828,-0.2678046226501465,0.34856224060058594,0.26892805099487305,-0.3842639923095703
349,0.1844715885516449,-0.38928842544555664,-0.1354045867919922,0.39229273796081543,0.11521339416503906
350,0.08888852169863179,0.15282630920410156,-0.09125709533691406,-0.15254735946655273,0.07914161682128906
351,0.20876203379921424,-0.41025495529174805,0.11757850646972656,0.4121818542480469,-0.14000511169433594
352,0.0008469646303972947,0.7846221923828125,0.31890869140625,-0.7844696044921875,-0.318359375
353,0.22076662112477072,2.441117763519287,-0.32428741455078125,-2.43511962890625,0.21073150634765625
354,0.4343072308681651,1.0682735443115234,0.04701995849609375,-1.0595312118530273,-0.036407470703125
355,0.37874706195338026,0.8842768669128418,0.12072372436523438,-0.8805122375488281,-0.10670852661132812
356,0.35463962104046576,-1.6816887855529785,0.15325164794921875,1.6956028938293457,-0.10233688354492188
357,0.35463962104046576,-1.6816887855529785,0.15325164794921875,1.6956028938293457,-0.10233688354492188
358,0.2309700671331985,0.47594118118286133,0.07912063598632812,-0.47501230239868164,-0.09038925170898438
359,0.2483293743447869,0.5718498229980469,0.0395660400390625,-0.5710477828979492,-0.05261993408203125
360,0.337267732901279,-0.6716766357421875,0.29796600341796875,0.6753747463226318,-0.2928180694580078
361,0.5709310840277594,-1.8233437538146973,0.1826324462890625,1.8408856391906738,-0.11275863647460938
362,0.46857421231324453,-1.2852129936218262,0.0428009033203125,1.295516014099121,-0.024532318115234375
363,0.46857421231324453,-1.2852129936218262,0.0428009033203125,1.295516014099121,-0.024532318115234375
364,0.28961967280282136,-0.6408305168151855,0.017220497131347656,0.6468522548675537,0.004145622253417969
365,0.3127310000128832,0.7256383895874023,-0.19251632690429688,-0.7238492965698242,0.1925506591796875
366,0.2803313159971884,-0.4748694896697998,0.37790679931640625,0.47919416427612305,-0.37061309814453125
367,0.11082341206875425,0.009227991104125977,0.18363189697265625,-0.008829355239868164,-0.2079944610595703
368,0.09377559323628888,0.15889859199523926,0.02138519287109375,-0.1585841178894043,-0.041851043701171875
369,0.4120986406107501,-0.9660792350769043,-0.1627044677734375,0.9732503890991211,0.1632843017578125
370,0.40516341134643935,-0.8577561378479004,0.5371360778808594,0.8721551895141602,-0.5040645599365234
371,0.17489751526869804,0.32122373580932617,-0.20081329345703125,-0.32082223892211914,0.19544219970703125
372,0.41803960702340587,-0.9295973777770996,-0.2531909942626953,0.9348254203796387,0.26511383056640625
373,0.0010350088346474699,1.0295850038528442,-0.05109405517578125,-1.0295848846435547,0.10572052001953125
374,0.5111482586491457,-1.0910110473632812,-0.17783164978027344,1.102550745010376,0.24846267700195312
375,0.19106957413172987,0.0066187381744384766,0.41696739196777344,-0.00522160530090332,-0.41921234130859375
376,0.2530976965773343,0.25159645080566406,-0.43749046325683594,-0.25022029876708984,0.4282054901123047
377,0.4686215218897247,0.8224968910217285,-0.3551826477050781,-0.8199911117553711,0.3282279968261719
378,0.18047628758628625,0.33089637756347656,-0.21270751953125,-0.3303041458129883,0.18549728393554688
379,0.0011652850658372864,1.138580322265625,0.24798583984375,-1.138275146484375,-0.24652099609375
380,0.3087676131774966,-3.702040195465088,-0.9103317260742188,3.7271392345428467,0.6891975402832031
381,0.22181240402949023,-2.1139001846313477,-0.9758033752441406,2.1214871406555176,0.4322052001953125
382,0.2747759829368759,0.5191936492919922,0.2740001678466797,-0.5171499252319336,-0.27460479736328125
383,0.4571085835160769,1.3323173522949219,0.7808837890625,-1.3278312683105469,-0.7710494995117188
384,0.08738402277592436,-0.16737651824951172,0.02365875244140625,0.16750431060791016,-0.039020538330078125
385,0.2236213116069233,0.3848538398742676,0.2532920837402344,-0.3840022087097168,-0.2543487548828125
386,0.3753397645914252,0.7618048191070557,-0.24027442932128906,-0.7578091621398926,0.20612335205078125
387,0.0004542444137840033,-0.4537599980831146,0.0208740234375,0.4537599980831146,-0.01818084716796875
388,0.4835408044199053,-1.2051610946655273,-0.07947731018066406,1.214648962020874,0.12283134460449219
389,0.11711728670992792,-0.209136962890625,-0.07240676879882812,0.20925617218017578,0.06586074829101562
390,0.03405552982055135,0.05502033233642578,-0.03409767150878906,-0.05499553680419922,0.014974594116210938
391,0.1856108334325269,-0.1920318603515625,0.23412322998046875,0.19217681884765625,-0.31243133544921875
392,0.047944371859184716,-0.08255672454833984,0.019245147705078125,0.08259344100952148,-0.03876495361328125
393,0.34547385794921975,-0.9319162368774414,0.037860870361328125,0.9409503936767578,-0.01505279541015625
394,0.5093243192327487,-1.2367191314697266,0.000629425048828125,1.2471046447753906,0.032917022705078125
395,0.2716204366664975,-0.6006946563720703,-0.03614044189453125,0.6026077270507812,-0.060176849365234375
396,0.10948523169467073,-0.16051006317138672,-0.14381027221679688,0.1608731746673584,0.11354255676269531
397,0.0005127087712354359,-0.5126333236694336,-0.0035552978515625,0.5126333832740784,0.008487701416015625
398,0.419972379099537,0.9243049621582031,0.11245536804199219,-0.9170351028442383,-0.11582374572753906
399,0.3285886403753364,-0.7533788681030273,-0.16096115112304688,0.7591016292572021,0.1770610809326172
400,0.3329919861374522,0.8555424213409424,-0.12468528747558594,-0.8493952751159668,0.1316375732421875
401,0.3329919861374522,0.8555424213409424,-0.12468528747558594,-0.8493952751159668,0.1316375732421875
402,0.3427852216858009,0.8276891708374023,-0.1368885040283203,-0.819911003112793,0.1499176025390625
403,0.31229990415537245,0.7011477947235107,0.20015716552734375,-0.6974396705627441,-0.2019481658935547
404,0.1721236271611874,-0.3262643814086914,-0.032665252685546875,0.3276407718658447,-0.0035495758056640625
405,0.4257958497107784,-0.9869999885559082,-0.014917373657226562,0.9963269829750061,0.060309410095214844
406,0.08382914728456295,0.15768325328826904,0.050075531005859375,-0.15739202499389648,-0.07318878173828125
407,0.44246713473507715,1.0177884101867676,-0.46502113342285156,-1.0081729888916016,0.48635292053222656
408,0.005848214047559917,5.843994140625,0.2205810546875,-5.836944580078125,-0.19091796875
409,0.6603334930212343,1.7682452201843262,0.19171905517578125,-1.7543225288391113,-0.15151214599609375
410,0.6603334930212343,1.7682452201843262,0.19171905517578125,-1.7543225288391113,-0.15151214599609375
411,0.2648150391111729,-0.5094795227050781,0.24561309814453125,0.5112524032592773,-0.2589378356933594
412,0.16360354058516813,0.3503303527832031,-0.042449951171875,-0.3498115539550781,0.029209136962890625
413,0.3225385707716429,-0.5990192890167236,0.08935928344726562,0.6025252342224121,-0.09975242614746094
414,0.03122306907307106,-0.21221160888671875,-0.134521484375,0.2122354507446289,-0.234893798828125
415,0.426536925747166,5.7624993324279785,0.7607917785644531,-5.715975284576416,-0.8375167846679688
416,0.11412219401151165,0.24736499786376953,-0.01708984375,-0.24682879447937012,-0.026418685913085938
417,0.0006376854613500178,0.574737548828125,0.2762451171875,-0.574615478515625,-0.2757568359375
418,0.3499492606491398,-1.0332741737365723,-0.2252521514892578,1.0414903163909912,0.22136497497558594
419,0.4592405086494984,5.711965560913086,1.04400634765625,-5.699361801147461,-1.099517822265625
420,0.10434871345622324,-1.1013565063476562,-0.4058837890625,1.1023259162902832,0.13251495361328125
421,0.0009486209576063095,-0.941192626953125,0.1180419921875,0.94134521484375,-0.1171875
422,0.20007081687935005,2.2150487899780273,-0.10454559326171875,-2.2090301513671875,-0.376190185546875
423,0.3329912754447986,0.6904511451721191,0.16943359375,-0.686521053314209,-0.17412948608398438
424,0.0006541657492507177,0.653717041015625,0.0240478515625,-0.65362548828125,-0.02392578125
425,0.32862791995668406,4.741489410400391,-0.1280517578125,-4.731732368469238,0.0965118408203125
426,0.32862791995668406,4.741489410400391,-0.1280517578125,-4.731732368469238,0.0965118408203125
427,0.31066330801113123,5.433340549468994,0.0492095947265625,-5.419214248657227,0.0052947998046875
428,0.07181422280788716,0.25940680503845215,-0.7392654418945312,-0.2588062286376953,0.11321258544921875
429,0.2815797614268802,0.7487068176269531,0.1391754150390625,-0.7482795715332031,-0.1404876708984375
430,0.5464103503004082,1.4917945861816406,0.1220855712890625,-1.4902267456054688,-0.114471435546875
431,0.10224750094580029,0.9533034563064575,-0.3730621337890625,-0.9500811100006104,-0.5666007995605469
432,0.0003789620371109914,0.042327880859375,0.3765869140625,-0.04229736328125,-0.37646484375
433,0.09246557871224546,-0.5905518531799316,0.39896392822265625,0.5914976596832275,-0.7684478759765625
434,0.22405943036528211,-2.364351272583008,-0.48859405517578125,2.3713786602020264,0.0877227783203125
435,0.5680826120680775,1.5661859512329102,-0.00746917724609375,-1.5575780868530273,-0.00914764404296875
436,0.4436141934405938,1.1544523239135742,0.0866546630859375,-1.1517667770385742,-0.078826904296875
437,0.4436141934405938,1.1544523239135742,0.0866546630859375,-1.1517667770385742,-0.078826904296875
438,0.48400448642707494,6.781235694885254,1.1131591796875,-6.724088668823242,-0.6820907592773438
439,0.0530050485255025,-0.08322024345397949,0.04725074768066406,0.0832974910736084,-0.09849929809570312
440,0.20334611607498418,0.4486205577850342,-0.029010772705078125,-0.4459383487701416,0.016521453857421875
441,0.2508750814206377,0.6717147827148438,-0.031341552734375,-0.6715545654296875,0.0228271484375
442,0.2508750814206377,0.6717147827148438,-0.031341552734375,-0.6715545654296875,0.0228271484375
443,0.5854419194360132,1.2143888473510742,0.20862960815429688,-1.2066822052001953,-0.18023681640625
444,0.001156571117343933,1.1563873291015625,-0.01995849609375,-1.1560516357421875,0.02130126953125
445,0.8657934006259336,-1.6521415710449219,0.1097412109375,1.6591796875,-0.07450103759765625
446,0.1252307091740613,-1.3575024604797363,0.18852996826171875,1.3600282669067383,-0.5142822265625
447,0.17601971490576915,2.000633716583252,0.006954193115234375,-1.99537992477417,-0.47272491455078125
448,0.00040660415667191716,0.35748291015625,0.1937255859375,-0.3574371337890625,-0.1934814453125
449,0.2769613010139944,-3.3724749088287354,-0.18996047973632812,3.3893046379089355,-0.18304443359375
450,0.26023328773688115,-3.184361457824707,-0.15987777709960938,3.1981358528137207,-0.21871185302734375
451,0.6323525282757319,1.8802158832550049,0.09674453735351562,-1.8631563186645508,-0.0022430419921875
452,0.4307345686539448,1.1322851181030273,0.14669418334960938,-1.1234779357910156,-0.09506988525390625
453,0.4307345686539448,1.1322851181030273,0.14669418334960938,-1.1234779357910156,-0.09506988525390625
454,0.0013454163570456538,1.3216705322265625,0.2515869140625,-1.3213043212890625,-0.24969482421875
455,0.0973062733875387,0.13839006423950195,0.1595134735107422,-0.1381063461303711,-0.20896148681640625
456,0.5377038649769191,1.035675048828125,0.0494384765625,-1.0352630615234375,-0.05023193359375
457,0.04014842709480628,0.03070068359375,0.06592559814453125,-0.030691146850585938,-0.0706329345703125
458,0.5267157864023879,-1.5118045806884766,-0.21678924560546875,1.5175142288208008,0.24034881591796875
459,0.5267157864023879,-1.5118045806884766,-0.21678924560546875,1.5175142288208008,0.24034881591796875
460,0.5267157864023879,-1.5118045806884766,-0.21678924560546875,1.5175142288208008,0.24034881591796875
461,0.4410851714111425,0.9507431983947754,0.39073753356933594,-0.943749189376831,-0.3680381774902344
462,0.24469604515119409,0.43914127349853516,0.06736373901367188,-0.4379901885986328,-0.07758331298828125
463,0.5700767041717204,1.119642972946167,-0.03534507751464844,-1.1123785972595215,0.06258392333984375
464,0.7777939419800177,-1.747056484222412,0.27128124237060547,1.780267357826233,-0.05347633361816406
465,1.1385399976861723,-2.807544708251953,0.06122589111328125,2.8222761154174805,0.01691436767578125
466,0.20819831862932497,1.7455158233642578,1.1773834228515625,-1.7411861419677734,-1.3975067138671875
467,0.48632948183570635,1.4549875259399414,0.50714111328125,-1.4466876983642578,-0.4863777160644531
468,0.48632948183570635,1.4549875259399414,0.50714111328125,-1.4466876983642578,-0.4863777160644531
469,0.0024048138041436688,2.3996124267578125,0.15771484375,-2.3985595703125,-0.15228271484375
470,0.1141082485378659,-0.229736328125,-0.157958984375,0.22975921630859375,0.15582275390625
471,0.0006080685521972825,0.323944091796875,0.51458740234375,-0.323883056640625,-0.5142822265625
472,0.3145788608029602,-0.634650707244873,0.28877830505371094,0.6369662284851074,-0.29758453369140625
474,0.0005217170251533484,0.479766845703125,0.2049560546875,-0.479736328125,-0.2047119140625
475,0.1702411649163195,-0.32110023498535156,0.19709014892578125,0.3213310241699219,-0.20578765869140625
476,0.5282223981586338,-1.3415660858154297,-0.0058135986328125,1.348525047302246,-0.0146484375
477,0.0002281630027546888,0.21502685546875,0.0762939453125,-0.21502685546875,-0.07623291015625
478,0.03235755158423601,0.0050144195556640625,-0.07111358642578125,-0.004999637603759766,0.060436248779296875
479,0.001693153344977955,1.6283111572265625,-0.46337890625,-1.6277618408203125,0.4659423828125
480,0.35579545106169747,0.8327944278717041,0.07913970947265625,-0.8260700702667236,-0.06228446960449219
481,0.12442883664102862,0.6646738052368164,-1.1182403564453125,-0.6635560989379883,0.95098876953125
482,0.08140269391758799,0.9251766204833984,-0.06233978271484375,-0.9244775772094727,-0.1133575439453125
483,0.0014939913987041095,1.4817352294921875,0.19085693359375,-1.4811859130859375,-0.188720703125
484,0.34710657777543136,5.546303749084473,0.5961036682128906,-5.502543926239014,-0.42694091796875
485,0.4073712248742487,6.59047794342041,1.7981185913085938,-6.559035301208496,-1.6294708251953125
486,0.5531123464894189,1.3547699451446533,0.24316787719726562,-1.348052978515625,-0.21851348876953125
487,0.40290970845220975,-0.00473785400390625,0.783721923828125,0.005245208740234375,-0.7842864990234375
488,0.36176811995199043,0.7726211547851562,0.03189849853515625,-0.7714414596557617,-0.03253173828125
489,0.11552037962112516,-0.23173999786376953,0.0014801025390625,0.23191070556640625,-0.00598907470703125
490,0.000723044563590344,0.72222900390625,0.0341796875,-0.722137451171875,-0.03369140625
491,0.1213166212687399,-0.08258914947509766,0.20281219482421875,0.0827646255493164,-0.21208572387695312
492,0.35031463525918927,0.8120536804199219,-0.20154762268066406,-0.8053827285766602,0.2215099334716797
493,1.0091729031811998,2.6146743297576904,-0.06860923767089844,-2.568753242492676,0.34805870056152344
494,0.07464197200270554,-0.59694504737854,-0.05304145812988281,0.5981688499450684,-0.6495246887207031
495,0.2756891715327358,0.7389564514160156,-0.06195068359375,-0.7379779815673828,0.0643157958984375
496,0.2756891715327358,0.7389564514160156,-0.06195068359375,-0.7379779815673828,0.0643157958984375
497,0.07305631896545178,0.1397991180419922,-0.027252197265625,-0.13971710205078125,0.01772308349609375
498,0.044394384775758744,-0.023694515228271484,0.03986358642578125,0.02372455596923828,-0.06711196899414062
499,0.23213399108382773,0.4493136405944824,0.15368270874023438,-0.4475886821746826,-0.15865707397460938
500,0.00037344077054578647,-0.37121763825416565,0.040653228759765625,0.37121766805648804,-0.03452110290527344
501,0.12600234450530623,-0.9946627616882324,-0.91595458984375,0.99658203125,0.62286376953125
502,0.3372643906745551,4.18096399307251,1.0857734680175781,-4.133169174194336,-1.1518974304199219
503,0.47123526119397235,1.3778324127197266,0.3164520263671875,-1.374588966369629,-0.3046112060546875
505,0.7663767156032675,2.13729190826416,0.18978500366210938,-2.119894504547119,-0.11132431030273438
506,0.2775056814794114,-3.1032772064208984,-0.183258056640625,3.1056365966796875,0.15509033203125
507,0.31682702563071147,0.694666862487793,0.1741180419921875,-0.6934528350830078,-0.17364501953125
508,0.3058617706424436,-0.87969970703125,-0.0368194580078125,0.8827476501464844,0.0381927490234375
509,0.0027802663484281015,0.410980224609375,2.74969482421875,-0.40948486328125,-2.7418212890625
510,0.4118217200208549,0.8836212158203125,-0.5544815063476562,-0.8816471099853516,0.5513916015625
511,0.38171830755584246,4.540026664733887,0.0121917724609375,-4.532304763793945,-0.176361083984375
512,0.27081547760782093,0.6130771636962891,0.0319976806640625,-0.6116542816162109,-0.032131195068359375
513,0.27874254968221746,3.3646240234375,-0.27440643310546875,-3.352328300476074,0.1619873046875
514,0.4078444189151344,1.2655534744262695,0.09357070922851562,-1.2608718872070312,-0.09779739379882812
515,0.00046930057448506366,0.4676055908203125,0.039794921875,-0.4675140380859375,-0.0394287109375
516,0.4400723926606951,0.8214418888092041,0.0807342529296875,-0.8173706531524658,-0.09769248962402344
517,0.06942145833317094,0.19668245315551758,-0.7304916381835938,-0.19636821746826172,0.43447113037109375
518,0.5680104082768013,1.57877779006958,-0.06976699829101562,-1.569931983947754,0.06585311889648438
519,0.002025908425998689,2.023712158203125,-0.0938720703125,-2.0229339599609375,0.097412109375
520,0.988444822040649,-2.29730224609375,0.40679168701171875,2.3324122428894043,-0.1948680877685547
521,0.0005386863894750224,0.5368804931640625,0.04400634765625,-0.536773681640625,-0.04364013671875
522,0.3020767022271051,-0.7661819458007812,0.08533096313476562,0.7770681381225586,-0.07154464721679688
523,0.3185450216156828,0.933868408203125,-0.022243499755859375,-0.9281167984008789,0.0339508056640625
524,0.30524926125532875,0.7447776794433594,-0.019073486328125,-0.7404811382293701,0.01313018798828125
525,0.24691089651757264,2.92850399017334,-0.5652694702148438,-2.919945240020752,0.30574798583984375
526,0.10335137534790671,-0.13930392265319824,0.151275634765625,0.139662504196167,-0.16048812866210938
527,0.13242162552850154,0.26464414596557617,-0.09552383422851562,-0.26407313346862793,0.08298110961914062
528,0.5789999673815678,1.4538917541503906,0.010097503662109375,-1.4470844268798828,0.013210296630859375
529,0.41486307155011737,-0.9932708740234375,0.096099853515625,0.9938201904296875,-0.095184326171875
530,0.31695302333721403,0.8468761444091797,0.0228271484375,-0.8441810607910156,-0.02208709716796875
531,0.2938039524653325,-0.7686843872070312,-0.0052490234375,0.7707939147949219,0.009578704833984375
532,0.0007919892441325692,0.20941162109375,0.7637939453125,-0.209228515625,-0.76312255859375
533,0.0026288878555624524,2.594879150390625,0.42132568359375,-2.5934906005859375,-0.41387939453125
534,0.4104777411638167,0.9839344024658203,0.0688018798828125,-0.9813241958618164,-0.06575775146484375
535,0.0003486904289085556,0.347930908203125,0.02294921875,-0.347900390625,-0.02294921875
536,0.17529295493647992,0.2786381244659424,0.24901962280273438,-0.2779722213745117,-0.2542915344238281
537,0.40174687020723887,1.0372867584228516,0.22635269165039062,-1.0279490947723389,-0.18646812438964844
538,0.12771660567118345,1.5868034362792969,-0.15013885498046875,-1.5845003128051758,-0.13108062744140625
539,0.0243426945184059,-0.21836185455322266,-0.16942596435546875,0.21840858459472656,-0.07657623291015625
540,0.0002773290648765031,0.1063995361328125,0.256103515625,-0.1063995361328125,-0.256103515625
541,0.37828820656226103,-1.4463634490966797,-0.23828125,1.4474059343338013,0.29526519775390625
542,0.3246509119881022,-1.6198065280914307,-0.22615814208984375,1.6210103034973145,0.2841148376464844
543,0.43701200916498467,-1.7262812852859497,-0.9018688201904297,1.728430986404419,1.0356884002685547
544,0.43701200916498467,-1.7262812852859497,-0.9018688201904297,1.728430986404419,1.0356884002685547
545,0.43701200916498467,-1.7262812852859497,-0.9018688201904297,1.728430986404419,1.0356884002685547
546,0.44564863471268823,-2.79483699798584,0.16791534423828125,2.7985265254974365,0.035919189453125
547,0.44564863471268823,-2.79483699798584,0.16791534423828125,2.7985265254974365,0.035919189453125
548,0.44564863471268823,-2.79483699798584,0.16791534423828125,2.7985265254974365,0.035919189453125
549,0.2815912519036432,-1.4306652545928955,-0.046497344970703125,1.4314576387405396,0.10020828247070312
551,0.2815912519036432,-1.4306652545928955,-0.046497344970703125,1.4314576387405396,0.10020828247070312
552,0.4926096964147913,-1.669027328491211,-0.5409774780273438,1.6705001592636108,0.6321372985839844
553,0.2505763375788262,-1.1700383424758911,-0.2122631072998047,1.1708498001098633,0.26006126403808594
554,0.2505763375788262,-1.1700383424758911,-0.2122631072998047,1.1708498001098633,0.26006126403808594
555,0.2505763375788262,-1.1700383424758911,-0.2122631072998047,1.1708498001098633,0.26006126403808594
556,0.5435814098085076,-2.0992588996887207,-0.5909576416015625,2.1022348403930664,0.7234916687011719
557,0.3395310332519616,-1.4685642719268799,-0.21022796630859375,1.4692368507385254,0.2582664489746094
558,0.3395310332519616,-1.4685642719268799,-0.21022796630859375,1.4692368507385254,0.2582664489746094
559,0.3892826038833585,-1.9903308153152466,-0.7466468811035156,1.9921281337738037,0.8430366516113281
560,0.3892826038833585,-1.9903308153152466,-0.7466468811035156,1.9921281337738037,0.8430366516113281
561,0.3892826038833585,-1.9903308153152466,-0.7466468811035156,1.9921281337738037,0.8430366516113281
562,0.18682714956120075,-0.7260709404945374,-0.53680419921875,0.7264845371246338,0.5630207061767578
563,0.18682714956120075,-0.7260709404945374,-0.53680419921875,0.7264845371246338,0.5630207061767578
564,0.18682714956120075,-0.7260709404945374,-0.53680419921875,0.7264845371246338,0.5630207061767578
565,0.4428422719605751,-2.503230571746826,-1.2847366333007812,2.50677490234375,1.4269371032714844
566,0.3375527627714861,-1.6197136640548706,-0.3638801574707031,1.6208338737487793,0.42507171630859375
567,0.3375527627714861,-1.6197136640548706,-0.3638801574707031,1.6208338737487793,0.42507171630859375
568,0.3375527627714861,-1.6197136640548706,-0.3638801574707031,1.6208338737487793,0.42507171630859375
569,0.003977043092694911,-0.01384270191192627,-0.04376220703125,0.013843178749084473,0.04378509521484375
570,0.7687724571575427,-8.795995712280273,-0.17696380615234375,8.812110900878906,1.0689468383789062
571,0.33195762254102884,-2.0564332008361816,0.10797500610351562,2.0579771995544434,-0.01169586181640625
572,0.4991626557355411,-1.586416482925415,0.24193191528320312,1.5875658988952637,-0.16849899291992188
573,0.013551026713165491,0.04323309659957886,-0.001590728759765625,-0.043232619762420654,0.001621246337890625
574,0.24857694864022292,-1.2842400074005127,0.18880081176757812,1.2847970724105835,-0.15851211547851562
575,0.24857694864022292,-1.2842400074005127,0.18880081176757812,1.2847970724105835,-0.15851211547851562
576,0.24857694864022292,-1.2842400074005127,0.18880081176757812,1.2847970724105835,-0.15851211547851562
577,0.5904891353617886,-2.1981914043426514,-0.320343017578125,2.199795961380005,0.43250274658203125
578,0.5926161063441968,-2.1920742988586426,-0.26871490478515625,2.193894386291504,0.4007301330566406
579,0.5916284343397555,-2.153456449508667,-0.2720184326171875,2.155595064163208,0.3878440856933594
580,0.01796465597250355,-0.06269598007202148,-0.021209716796875,0.06269773840904236,0.021335601806640625
581,0.010292488946729074,-0.03782755136489868,0.00119781494140625,0.037828266620635986,-0.001155853271484375
582,0.6142716058875792,-2.208569288253784,-0.34503936767578125,2.2100822925567627,0.45485687255859375
583,0.2292392160776186,-1.0519583225250244,-0.21203994750976562,1.0524868965148926,0.2440185546875
584,0.2292392160776186,-1.0519583225250244,-0.21203994750976562,1.0524868965148926,0.2440185546875
585,0.2292392160776186,-1.0519583225250244,-0.21203994750976562,1.0524868965148926,0.2440185546875
586,0.6005606703038597,0.007388785481452942,-0.0020046159625053406,-0.007370879873633385,0.0025736913084983826
587,0.5283547490707261,-1.7254362106323242,-0.32140350341796875,1.7264448404312134,0.3873023986816406
588,0.5440051989062429,-1.8013108968734741,-0.14413833618164062,1.8033311367034912,0.2511138916015625
589,0.011541441415177591,0.03312712907791138,0.019775390625,-0.033126771450042725,-0.01975250244140625
590,0.5707940196674651,-1.8799378871917725,-0.0437469482421875,1.8846981525421143,0.21897506713867188
591,0.015859056514556314,0.035525739192962646,0.03885650634765625,-0.03552442789077759,-0.038776397705078125
592,0.5680885588090626,-1.811018466949463,-0.1572856903076172,1.8131462335586548,0.2833518981933594
593,0.30079718730345656,-1.628480315208435,-0.13573455810546875,1.6289458274841309,0.17017364501953125
594,0.30079718730345656,-1.628480315208435,-0.13573455810546875,1.6289458274841309,0.17017364501953125
595,0.30079718730345656,-1.628480315208435,-0.13573455810546875,1.6289458274841309,0.17017364501953125
596,0.5103322592272949,-2.312319755554199,-0.26573944091796875,2.313798189163208,0.3428192138671875
597,0.009842575124580736,-0.1485462188720703,0.0119171142578125,0.14854788780212402,-0.0118255615234375
598,0.7614584216404864,-11.30917739868164,-1.627197265625,11.318021774291992,2.1955718994140625
599,0.7936744896130344,-11.88271427154541,-0.5334701538085938,11.897727012634277,1.6873855590820312
600,0.2714394627399802,-1.3841314315795898,-0.033477783203125,1.3847334384918213,0.070220947265625
601,0.2714394627399802,-1.3841314315795898,-0.033477783203125,1.3847334384918213,0.070220947265625
602,0.2714394627399802,-1.3841314315795898,-0.033477783203125,1.3847334384918213,0.070220947265625
603,0.7283048983063662,-3.340292453765869,-0.12209701538085938,3.348771095275879,0.4631385803222656
604,0.0019142513918506024,-0.0034107565879821777,-0.00807952880859375,0.0034106969833374023,0.00807952880859375
605,0.7453400446834111,-3.3637077808380127,-0.19605255126953125,3.369729518890381,0.4426307678222656
606,0.7460337607255277,-3.3403120040893555,-0.3759651184082031,3.3435893058776855,0.5687599182128906
607,0.001377044713699552,-0.005797207355499268,0.00214385986328125,0.005797207355499268,-0.002147674560546875
608,0.0016025801817046673,0.006834924221038818,-0.002239227294921875,-0.006834924221038818,0.002239227294921875
609,0.3360157274672789,-1.8021043539047241,-0.1416301727294922,1.8041874170303345,0.2508392333984375
610,0.3360157274672789,-1.8021043539047241,-0.1416301727294922,1.8041874170303345,0.2508392333984375
611,0.3360157274672789,-1.8021043539047241,-0.1416301727294922,1.8041874170303345,0.2508392333984375
612,0.012571780609800368,-0.036126166582107544,0.01027679443359375,0.036126941442489624,-0.010225296020507812
613,0.3966502099542631,-1.1700712442398071,-0.09022903442382812,1.1710026264190674,0.14081954956054688
614,0.41430931592353304,-1.2129812240600586,-0.08950996398925781,1.2140730619430542,0.15875244140625
615,0.004637705780528772,-0.005796104669570923,0.011465072631835938,0.0057961344718933105,-0.011465072631835938
616,0.42987273083042,-1.167680025100708,-0.13989830017089844,1.1683794260025024,0.18711471557617188
617,0.45406318293358533,-1.193250298500061,-0.1230316162109375,1.1940373182296753,0.1775951385498047
618,0.06699232233305764,-0.12474954128265381,-0.1939067840576172,0.12478992342948914,0.19577980041503906
619,0.4211346720151541,-0.699170708656311,-0.11460494995117188,0.6998839378356934,0.15545082092285156
620,0.022280903879355798,-0.03414449095726013,0.0039157867431640625,0.034145861864089966,-0.0038356781005859375
621,0.35048148168110776,-1.9031363725662231,-0.13379669189453125,1.9046456813812256,0.22272872924804688
622,0.35048148168110776,-1.9031363725662231,-0.13379669189453125,1.9046456813812256,0.22272872924804688
623,0.35048148168110776,-1.9031363725662231,-0.13379669189453125,1.9046456813812256,0.22272872924804688
624,0.5737853250868332,-2.293447732925415,-0.2856864929199219,2.2962937355041504,0.42444610595703125
625,0.5835047862794862,-2.2785449028015137,-0.4504814147949219,2.28029203414917,0.5817604064941406
626,0.018367870179144274,0.03134599328041077,-0.0669097900390625,-0.031344056129455566,0.06705474853515625
627,0.6107726606996348,-2.386197566986084,-0.2590827941894531,2.3891124725341797,0.4571857452392578
628,0.07445213593689297,0.1377577781677246,0.193084716796875,-0.13773590326309204,-0.19190216064453125
629,0.025898913850506952,0.06037497520446777,-0.00061798095703125,-0.06036651134490967,0.0008087158203125
630,0.77918186815759,-1.798091173171997,0.25800132751464844,1.8044164180755615,-0.056911468505859375
631,0.029709628101578078,0.06920301914215088,0.0028591156005859375,-0.06919395923614502,-0.0026340484619140625
632,0.18274544027428255,-0.3887919783592224,-0.5382919311523438,0.3889399468898773,0.5470085144042969
633,0.30645414899690665,-1.5169860124588013,-0.07204818725585938,1.5182613134384155,0.127044677734375
634,0.30645414899690665,-1.5169860124588013,-0.07204818725585938,1.5182613134384155,0.127044677734375
635,0.30645414899690665,-1.5169860124588013,-0.07204818725585938,1.5182613134384155,0.127044677734375
636,0.7721154674747086,-1.0956212282180786,-0.0001964569091796875,1.099658727645874,0.0992116928100586
637,0.1476433119210811,-0.6650547981262207,-1.1676177978515625,0.6653096675872803,1.1793975830078125
638,0.11073243884619521,-0.7545830011367798,-0.666473388671875,0.754820704460144,0.6794509887695312
639,0.00358799617676957,0.013407528400421143,-0.0300445556640625,-0.013407349586486816,0.03005218505859375
640,0.3191932121781834,-2.8719849586486816,-0.41390228271484375,2.8753867149353027,0.5498123168945312
641,0.4299715851725071,-2.492678642272949,-0.2833595275878906,2.494410514831543,0.40120697021484375
642,0.4299715851725071,-2.492678642272949,-0.2833595275878906,2.494410514831543,0.40120697021484375
643,0.4299715851725071,-2.492678642272949,-0.2833595275878906,2.494410514831543,0.40120697021484375
644,0.7584371002430504,-0.19498391449451447,-0.04261493682861328,0.1953125,0.05202817916870117
645,0.37406705939062757,-0.18767668306827545,-0.05947399139404297,0.1878807097673416,0.0667257308959961
646,0.01784238435893307,-0.004565857350826263,0.0013277530670166016,0.0045662857592105865,-0.0013135671615600586
647,0.23902258867676462,-0.8794745206832886,-0.04683685302734375,0.8802846670150757,0.07036972045898438
648,0.36732110918552874,-1.3518003225326538,-0.033496856689453125,1.3539444208145142,0.092559814453125
649,0.6132869139082995,-0.2339252084493637,0.03902482986450195,0.2342880368232727,-0.026830673217773438
650,0.7525710965317202,-2.2372164726257324,-0.2197723388671875,2.241608142852783,0.3421630859375
651,0.6917290016119929,-2.0578300952911377,-0.07113456726074219,2.0668458938598633,0.26877593994140625
652,0.7538215134855096,-2.242400884628296,-0.12721633911132812,2.248728036880493,0.31969642639160156
653,0.7610087461055315,-2.2723042964935303,-0.09848213195800781,2.2779226303100586,0.262481689453125
654,0.5144633045211295,-1.9664119482040405,-0.30675506591796875,1.9675356149673462,0.38103485107421875
655,0.44895827222248935,-1.4277454614639282,0.030055999755859375,1.4283485412597656,0.0127716064453125
656,0.02026563313861352,0.005389034748077393,0.06341361999511719,-0.005386471748352051,-0.0632781982421875
657,0.006387177934205321,0.00321313738822937,0.019779205322265625,-0.003212869167327881,-0.019765853881835938
658,0.005756277479129939,-0.0011628270149230957,0.017770767211914062,0.0011630356311798096,-0.017755508422851562
659,0.23099648868969253,0.7192699313163757,-0.0031585693359375,-0.7190936207771301,0.01616668701171875
660,0.21984145051432774,0.6905535459518433,0.279510498046875,-0.6904294490814209,-0.2714385986328125
661,0.03675628337980064,0.02787730097770691,-0.01102447509765625,-0.027874737977981567,0.011101722717285156
662,0.7486030953640282,-0.5929417610168457,-0.0020093917846679688,0.594281017780304,0.04572868347167969
663,0.40754431139682107,-1.0677251815795898,0.17026138305664062,1.0681551694869995,-0.13863372802734375
664,0.42359708756741554,-1.1024434566497803,0.13770484924316406,1.1033529043197632,-0.091796875
665,0.4389898994644619,-1.1209068298339844,0.09326171875,1.1219862699508667,-0.03374290466308594
666,0.4503728282487101,-1.1222418546676636,0.09596443176269531,1.1232006549835205,-0.03841590881347656
667,0.5137046946652679,-1.1487889289855957,0.08362579345703125,1.1499507427215576,-0.009271621704101562
668,0.5142432918389164,-1.103883147239685,0.11282730102539062,1.1047441959381104,-0.05391502380371094
669,0.232275248974498,-1.0668525695800781,0.0311279296875,1.0674607753753662,0.003749847412109375
670,0.232275248974498,-1.0668525695800781,0.0311279296875,1.0674607753753662,0.003749847412109375
671,0.232275248974498,-1.0668525695800781,0.0311279296875,1.0674607753753662,0.003749847412109375
672,0.004685632788280201,0.022907137870788574,-0.001407623291015625,-0.022906780242919922,0.00142669677734375
673,0.2950113359796207,-1.3104314804077148,-0.5855865478515625,1.310775876045227,0.6078948974609375
674,0.01208408837622656,0.03475886583328247,-0.04712677001953125,-0.03475773334503174,0.047199249267578125
675,0.16315103454165283,-0.7683811187744141,-0.13338851928710938,0.7686164975166321,0.14798736572265625
676,0.2685813498376781,-1.2760491371154785,-0.0870819091796875,1.2770023345947266,0.13238143920898438
677,0.2369784554522169,-0.7081083059310913,-0.3784294128417969,0.7083741426467896,0.3969879150390625
678,0.33466102535355546,-1.3833109140396118,0.3419685363769531,1.3839492797851562,-0.2928810119628906
679,0.0063312331074077185,-0.025268614292144775,0.008312225341796875,0.025268852710723877,-0.0082855224609375
680,0.2664880909271852,-1.054671049118042,0.29274749755859375,1.055143117904663,-0.2614402770996094
681,0.31534791823501807,-1.2475523948669434,0.31989288330078125,1.2480714321136475,-0.2844963073730469
682,0.007475272750693677,-0.02844768762588501,0.011035919189453125,0.028448283672332764,-0.011013031005859375
683,0.3813059926355918,-1.3268442153930664,0.23719406127929688,1.3274400234222412,-0.19463348388671875
684,0.6070070220227408,-2.2551209926605225,-0.47455596923828125,2.258249044418335,0.6496810913085938
685,0.6064358161992384,-2.2488298416137695,-0.5173187255859375,2.2518832683563232,0.6625595092773438
686,0.6324654072607226,-2.2356948852539062,-0.8431129455566406,2.2375802993774414,0.9560890197753906
687,0.6382080799733456,-2.234391689300537,-0.8081016540527344,2.23643159866333,0.9459342956542969
688,0.31372456970081614,-1.7297089099884033,-0.2678680419921875,1.7310434579849243,0.3351783752441406
689,0.31372456970081614,-1.7297089099884033,-0.2678680419921875,1.7310434579849243,0.3351783752441406
690,0.31372456970081614,-1.7297089099884033,-0.2678680419921875,1.7310434579849243,0.3351783752441406
691,0.004909241195991173,-0.0004597604274749756,0.01949310302734375,0.00045987963676452637,-0.0194854736328125
692,0.009576201139916614,0.00352555513381958,0.037799835205078125,-0.0035251379013061523,-0.0377655029296875
693,0.6150701673232335,-2.217531204223633,-0.8043575286865234,2.2208807468414307,0.9844264984130859
694,0.6448585784242522,-2.2481577396392822,-0.9263992309570312,2.2507834434509277,1.1189861297607422
695,0.41653682244284995,-2.3184053897857666,-0.44248199462890625,2.3202881813049316,0.5491256713867188
696,0.41653682244284995,-2.3184053897857666,-0.44248199462890625,2.3202881813049316,0.5491256713867188
697,0.41653682244284995,-2.3184053897857666,-0.44248199462890625,2.3202881813049316,0.5491256713867188
698,0.09859506962592197,0.007569624111056328,0.0013576745986938477,-0.007565107196569443,-0.001239478588104248
699,0.33720031980831433,0.02591300569474697,0.0045046210289001465,-0.025875549763441086,-0.003174304962158203
700,0.2916889260125219,-1.2960063219070435,-0.12561416625976562,1.2968698740005493,0.17463302612304688
701,0.31386633380760676,-1.3875386714935303,-0.11409759521484375,1.3886454105377197,0.17038345336914062
702,0.31556366609416003,-1.382995843887329,-0.06390953063964844,1.3841948509216309,0.12856483459472656
703,0.21449550381003685,-0.9396747350692749,-0.06430435180664062,0.940176248550415,0.0912628173828125
704,0.33772205467398975,-1.4761148691177368,-0.08386993408203125,1.477036476135254,0.14413070678710938
705,0.5004473323484151,-1.7752580642700195,-0.40103912353515625,1.7767010927200317,0.48361968994140625
706,0.5251083873680966,-1.8592301607131958,-0.19556427001953125,1.8621333837509155,0.3683433532714844
707,0.537851273045673,-1.8803353309631348,-0.3885459899902344,1.881963849067688,0.4783477783203125
708,0.5282577576702284,-1.8726601600646973,-0.18246078491210938,1.8757851123809814,0.33084869384765625
709,0.5658370815682008,-1.8739389181137085,-0.3049888610839844,1.8757710456848145,0.4168281555175781
710,0.4297773941388248,-2.4485340118408203,-0.3927421569824219,2.450460195541382,0.5079421997070312
711,0.4297773941388248,-2.4485340118408203,-0.3927421569824219,2.450460195541382,0.5079421997070312
712,0.4297773941388248,-2.4485340118408203,-0.3927421569824219,2.450460195541382,0.5079421997070312
713,0.6404659743409233,-2.76409912109375,-0.059326171875,2.7671902179718018,0.267303466796875
714,0.6431203756479684,-2.7506918907165527,-0.07025146484375,2.7535130977630615,0.2542304992675781
715,0.008614436604567599,-0.0007605552673339844,0.03675079345703125,0.0007612109184265137,-0.036716461181640625
716,0.5007830326011108,-2.344059467315674,-0.18454360961914062,2.346742630004883,0.3365821838378906
717,0.7861460602551349,-0.53106290102005,0.0015320777893066406,0.5322985649108887,0.03662872314453125
718,0.24892456339993935,-1.8096919059753418,0.19586944580078125,1.8104902505874634,-0.14126968383789062
719,0.1274594908110867,-0.9055548906326294,0.22064208984375,0.9057492017745972,-0.20859527587890625
720,0.6916443937359746,-2.624957799911499,-0.036205291748046875,2.6275413036346436,0.18810653686523438
721,0.3864264726003769,-0.29276955127716064,0.018837928771972656,0.2930280566215515,-0.01024627685546875
722,0.7021749039650174,-0.3147803544998169,0.0359036922454834,0.3156159520149231,-0.010201454162597656
723,0.008527807945866979,-0.010351717472076416,-0.043365478515625,0.01035243272781372,0.0434112548828125
724,0.00764831824590822,-0.0014145374298095703,-0.039958953857421875,0.001415252685546875,0.04000091552734375
725,0.3618883621540083,-1.8582723140716553,0.36547088623046875,1.859534502029419,-0.2933807373046875
726,0.22274705979815368,-1.1382266283035278,0.2515983581542969,1.1388170719146729,-0.21537399291992188
727,0.009581465363520204,0.017284929752349854,-0.04701995849609375,-0.017284274101257324,0.047069549560546875
728,0.3942455790888964,-2.172665596008301,-0.35518646240234375,2.1748898029327393,0.49506378173828125
729,0.3942455790888964,-2.172665596008301,-0.35518646240234375,2.1748898029327393,0.49506378173828125
730,0.3942455790888964,-2.172665596008301,-0.35518646240234375,2.1748898029327393,0.49506378173828125
731,0.7659748744104751,-1.3764758110046387,-0.09611892700195312,1.38031005859375,0.19541549682617188
732,0.7512110362228529,-1.3433326482772827,-0.18694305419921875,1.345092535018921,0.24489402770996094
733,0.43046595239158914,-1.3214329481124878,-0.5108108520507812,1.3223958015441895,0.58074951171875
