bus_id,vm,va
1,1.059885025024414,-0.31829893589019775
2,1.0223362445831299,-0.3768172860145569
3,1.0393942594528198,-0.3742448687553406
4,1.066150188446045,-0.3037993311882019
5,1.0701510906219482,-0.28768056631088257
6,1.0693227052688599,-0.3047742247581482
7,1.0902292728424072,-0.1953129768371582
8,1.0930203199386597,-0.18293219804763794
9,1.0714956521987915,-0.3978535532951355
10,1.0617752075195312,-0.2948650121688843
11,1.0593864917755127,-0.34444504976272583
12,1.064054250717163,-0.28748881816864014
13,1.065224528312683,-0.3206706643104553
14,1.0730817317962646,-0.32962483167648315
15,1.0770207643508911,-0.28624171018600464
16,1.0810414552688599,-0.22279751300811768
17,1.053039312362671,-0.3585638999938965
18,1.0801833868026733,-0.15048748254776
19,1.0767922401428223,-0.1857256293296814
20,1.0594643354415894,-0.34793388843536377
21,1.0644617080688477,-0.38588958978652954
22,1.060041904449463,-0.3460735082626343
23,1.05966317653656,-0.39252084493637085
24,1.0630403757095337,-0.3097609877586365
25,1.0669269561767578,-0.17774444818496704
26,1.0934484004974365,-0.21252548694610596
27,1.0663760900497437,-0.17862045764923096
28,1.084183692932129,-0.2158406376838684
29,1.083469271659851,-0.22351950407028198
30,1.0863139629364014,-0.2198771834373474
31,1.055693507194519,-0.44315022230148315
32,1.0212430953979492,-0.3655273914337158
33,1.015845775604248,-0.3467513918876648
34,1.0294560194015503,-0.32131367921829224
35,1.0457651615142822,-0.3749696612358093
36,1.0225471258163452,-0.3816656470298767
37,1.036803960800171,-0.3954644203186035
38,1.034521222114563,-0.3753983974456787
39,1.0392452478408813,-0.3578888773918152
40,1.0500863790512085,-0.3851194977760315
41,1.0110728740692139,-0.29464489221572876
42,1.0750302076339722,-0.35304754972457886
43,1.0155428647994995,-0.289919376373291
44,1.0604952573776245,-0.37572014331817627
45,1.0359381437301636,-0.38340049982070923
46,1.053606390953064,-0.377288281917572
47,1.0407359600067139,-0.4017513394355774
48,1.0542547702789307,-0.3607404828071594
49,1.0397249460220337,-0.39759689569473267
50,1.0480272769927979,-0.3757256865501404
51,1.0571728944778442,-0.353382408618927
52,1.0333127975463867,-0.27544766664505005
53,1.0337259769439697,-0.34828901290893555
54,1.035299301147461,-0.26751017570495605
55,1.0770127773284912,-0.33056753873825073
56,1.0536854267120361,-0.3504834771156311
57,1.0793410539627075,-0.29663974046707153
58,1.0611029863357544,-0.3941749930381775
59,1.0839794874191284,-0.41368579864501953
60,1.0790752172470093,-0.3655332922935486
61,1.0820057392120361,-0.29617202281951904
62,1.0677070617675781,-0.44033658504486084
63,1.0829086303710938,-0.20513778924942017
64,1.0959680080413818,-0.2388501763343811
65,1.0685869455337524,-0.34097224473953247
66,1.083777904510498,-0.28472900390625
67,1.0497629642486572,-0.44956690073013306
68,1.0958364009857178,0.036127686500549316
69,1.0747123956680298,-0.2930464744567871
70,1.0694166421890259,-0.31331396102905273
71,1.0681416988372803,-0.32585859298706055
72,1.078364372253418,-0.335859477519989
73,1.0697582960128784,-0.313726007938385
74,1.0680023431777954,-0.2801721692085266
75,1.0902466773986816,-0.19722753763198853
76,1.0694060325622559,-0.2850174903869629
77,1.0521754026412964,-0.5161061882972717
78,1.0567474365234375,-0.49782079458236694
79,1.057237148284912,-0.5022258162498474
80,1.074402093887329,-0.21574276685714722
81,1.0837515592575073,-0.17249298095703125
82,1.060602068901062,-0.23007827997207642
83,1.0809701681137085,-0.18310648202896118
84,1.0771821737289429,-0.20612865686416626
85,1.0476242303848267,-0.38153254985809326
86,1.059900164604187,-0.29358798265457153
87,1.060373067855835,-0.2728726267814636
88,1.0629887580871582,-0.32580429315567017
89,1.0573985576629639,-0.2918628454208374
90,1.066902995109558,-0.22430425882339478
91,1.064271092414856,-0.26170146465301514
92,1.0661908388137817,-0.22531872987747192
93,1.070090413093567,-0.3156206011772156
94,1.051574945449829,-0.48351043462753296
95,1.0501258373260498,-0.34124261140823364
96,1.0743772983551025,-0.2838994860649109
97,1.0668286085128784,-0.2305719256401062
98,1.0807068347930908,-0.2788885235786438
99,1.0658713579177856,-0.23145413398742676
100,1.0535527467727661,-0.3380137085914612
101,1.058797001838684,-0.3316696286201477
102,1.081621527671814,-0.28202956914901733
103,1.0905839204788208,-0.2632071375846863
104,1.0736796855926514,-0.38892167806625366
105,1.0527831315994263,-0.36926692724227905
106,1.0414782762527466,-0.4527495503425598
107,1.0648484230041504,-0.4918505549430847
108,1.0430806875228882,-0.4489794373512268
109,1.080767035484314,-0.3312087655067444
110,1.0744365453720093,-0.16838335990905762
111,1.0593183040618896,-0.19842904806137085
112,1.0659313201904297,-0.17071384191513062
113,1.0770227909088135,-0.15714091062545776
114,1.0658692121505737,-0.18305975198745728
115,1.0486717224121094,-0.5361907482147217
116,1.0618786811828613,-0.5765587091445923
117,1.0915738344192505,-0.22160398960113525
118,1.0687084197998047,-0.34089112281799316
119,1.073445200920105,-0.21220600605010986
120,1.0990428924560547,-0.26925772428512573
121,1.0747616291046143,-0.2102845311164856
122,1.0801751613616943,-0.2949841618537903
123,1.0735574960708618,-0.29610246419906616
124,1.076005458831787,-0.28060823678970337
125,1.0659877061843872,-0.3037567734718323
126,1.0655345916748047,-0.35475820302963257
127,1.0754743814468384,-0.39306730031967163
128,1.0648974180221558,-0.304740846157074
129,1.059697151184082,-0.30734390020370483
130,1.047629714012146,-0.3906431198120117
131,1.0544077157974243,-0.5677942633628845
132,1.0802345275878906,-0.28430306911468506
133,1.0756192207336426,-0.24785035848617554
134,1.0881414413452148,-0.23070573806762695
135,1.065741777420044,-0.17556530237197876
136,1.0996077060699463,-0.2073877453804016
137,1.0654830932617188,-0.1759820580482483
138,1.0957077741622925,-0.35052019357681274
139,1.075229287147522,-0.21054905652999878
140,1.0619672536849976,-0.22983306646347046
141,1.0730549097061157,-0.2095908522605896
142,1.0711050033569336,-0.19301611185073853
143,1.0550007820129395,-0.28729909658432007
144,1.0706112384796143,-0.31372982263565063
145,1.0280097723007202,-0.38042664527893066
146,1.0687376260757446,-0.2552603483200073
147,1.0668522119522095,-0.28420859575271606
148,1.068396806716919,-0.24425029754638672
149,1.0622048377990723,-0.2569846510887146
150,1.0843876600265503,-0.22811704874038696
151,1.0802946090698242,-0.16745704412460327
152,1.0947967767715454,-0.20889312028884888
153,1.079689860343933,-0.16861170530319214
154,1.0786389112472534,-0.22878986597061157
155,1.0788501501083374,-0.23414820432662964
156,1.100000023841858,-0.3554877042770386
157,1.0585331916809082,-0.32762008905410767
158,1.0648465156555176,-0.3240532875061035
159,1.0945501327514648,-0.010084331035614014
160,1.0851577520370483,-0.26095283031463623
161,1.0514081716537476,-0.373119056224823
162,1.0710340738296509,-0.2658079266548157
163,1.0618162155151367,-0.3357849717140198
164,1.0774930715560913,-0.34710103273391724
165,1.071882963180542,-0.21269994974136353
166,1.0715737342834473,-0.2145039439201355
167,1.081493854522705,-0.23729771375656128
168,1.082556962966919,-0.31261754035949707
169,1.0452275276184082,-0.4153890609741211
170,1.0447593927383423,-0.4783135652542114
171,1.0527068376541138,-0.4740985035896301
172,1.0420347452163696,-0.5279407501220703
173,1.0535180568695068,-0.531458854675293
174,1.0463749170303345,-0.4790082573890686
175,1.0539427995681763,-0.4769226908683777
176,1.0892133712768555,-0.5325013399124146
177,1.061311960220337,-0.524244487285614
178,1.0492534637451172,-0.5210395455360413
179,1.0524663925170898,-0.4034768342971802
180,1.0785653591156006,-0.2462751269340515
181,1.0754270553588867,-0.27225250005722046
182,1.0774292945861816,-0.13943493366241455
183,1.0688416957855225,-0.2527759075164795
184,1.067571997642517,-0.2519182562828064
185,1.0694079399108887,-0.16765481233596802
186,1.0721327066421509,-0.28134918212890625
187,1.0643991231918335,-0.23839229345321655
188,1.0785577297210693,-0.2485535740852356
189,1.0689116716384888,-0.26563113927841187
190,1.0578614473342896,-0.21836072206497192
191,1.0847365856170654,-0.24103128910064697
192,1.0570852756500244,-0.21949148178100586
193,1.06703519821167,-0.26771974563598633
194,1.0629514455795288,-0.35209935903549194
195,1.0716193914413452,-0.23651105165481567
196,1.0670887231826782,-0.18547135591506958
197,1.0666643381118774,-0.31536513566970825
198,1.0637890100479126,-0.24488109350204468
199,1.0714800357818604,-0.3574519753456116
200,1.0735816955566406,-0.3681336045265198
201,1.0521564483642578,-0.3763217329978943
202,1.0506384372711182,-0.3729327321052551
203,1.0949127674102783,-0.20312196016311646
204,1.0925540924072266,-0.17961519956588745
205,1.057863712310791,-0.3238658308982849
206,1.0598938465118408,-0.546460747718811
207,1.0776642560958862,-0.23692935705184937
208,1.0719538927078247,-0.2914651036262512
209,1.0770483016967773,-0.2931733727455139
210,1.0576106309890747,-0.30875152349472046
211,1.0617858171463013,-0.3446533679962158
212,1.0611064434051514,-0.2866649627685547
213,1.0647928714752197,-0.40086787939071655
214,1.100000023841858,-0.40604066848754883
215,1.0738295316696167,-0.3007567524909973
216,1.0731375217437744,-0.32639408111572266
217,1.0910993814468384,-0.19196206331253052
218,1.0939793586730957,-0.22606873512268066
219,1.100000023841858,-0.2500132918357849
220,1.0933104753494263,-0.16720974445343018
221,1.0827829837799072,-0.341772198677063
222,1.065578818321228,-0.3622644543647766
223,1.0782921314239502,-0.1369296908378601
224,1.0859298706054688,-0.08089005947113037
225,1.0762449502944946,-0.2403365969657898
226,1.0872647762298584,-0.4041140675544739
227,1.0760879516601562,-0.2132631540298462
228,1.0494328737258911,-0.508148729801178
229,1.0848948955535889,-0.16464656591415405
230,1.067325472831726,-0.23034679889678955
231,1.0489901304244995,-0.40741270780563354
232,1.06161630153656,-0.45072853565216064
233,1.0484647750854492,-0.40812498331069946
234,1.0537523031234741,-0.4753187298774719
235,1.0939799547195435,-0.3247525691986084
236,1.0733428001403809,-0.32078856229782104
237,1.0782365798950195,-0.15845435857772827
238,1.0839096307754517,-0.10481089353561401
239,1.0406684875488281,-0.513721764087677
240,1.0788371562957764,-0.3562186360359192
241,1.0880177021026611,-0.2557210326194763
242,1.0758342742919922,-0.28198325634002686
243,1.0714738368988037,-0.2924197316169739
244,1.0653173923492432,-0.5082746744155884
245,1.100000023841858,-0.4771730303764343
246,1.0477784872055054,-0.2580423951148987
247,1.0713099241256714,-0.19511014223098755
248,1.100000023841858,-0.36860305070877075
249,1.0843205451965332,-0.35710471868515015
250,1.079960584640503,-0.34009021520614624
251,1.0618541240692139,-0.3534725308418274
252,1.0360428094863892,-0.28400909900665283
253,1.0841578245162964,-0.3195004463195801
254,1.0354838371276855,-0.28519338369369507
255,1.08418607711792,-0.3237122893333435
256,1.0717533826828003,-0.3633790612220764
257,1.0713777542114258,-0.33445030450820923
258,1.0731201171875,-0.33125990629196167
259,1.0751110315322876,-0.33308905363082886
260,1.074763536453247,-0.1705194115638733
261,1.065645456314087,-0.21036368608474731
262,1.0837335586547852,-0.25577104091644287
263,1.0806313753128052,-0.27157920598983765
264,1.0703253746032715,-0.22190099954605103
265,1.081883192062378,-0.3058064579963684
266,1.0698528289794922,-0.24372738599777222
267,1.0745840072631836,-0.33631086349487305
268,1.0695340633392334,-0.2368013858795166
269,1.0820766687393188,-0.2839333415031433
270,1.0794364213943481,-0.2601328492164612
271,1.0537512302398682,-0.3713666796684265
272,1.073844075202942,-0.3337804079055786
273,1.0740951299667358,-0.1710941195487976
274,1.0747504234313965,-0.2178691029548645
275,1.0235533714294434,-0.17091625928878784
276,1.0321255922317505,-0.07049542665481567
277,1.0884991884231567,-0.17574864625930786
278,1.0498933792114258,-0.4376688599586487
279,1.052736520767212,-0.4608839154243469
280,1.0315845012664795,-0.3920730948448181
281,1.0433932542800903,-0.43854254484176636
282,1.0777339935302734,-0.06756055355072021
283,1.0905356407165527,-0.0964779257774353
284,1.080923080444336,-0.018141865730285645
285,1.0815678834915161,-0.00887364149093628
286,1.0807305574417114,-0.015194714069366455
287,1.0717185735702515,-0.0657804012298584
288,1.0710220336914062,-0.06646698713302612
289,1.0811229944229126,-0.01955997943878174
290,1.0762505531311035,-0.07256406545639038
291,1.0786685943603516,-0.20158296823501587
292,1.100000023841858,-0.2725904583930969
293,1.0782294273376465,-0.20207923650741577
294,1.0519849061965942,-0.35896265506744385
295,1.0559138059616089,-0.38415759801864624
296,1.0667082071304321,-0.40509217977523804
297,1.0848212242126465,-0.347636878490448
298,1.0842262506484985,-0.32564646005630493
299,1.0757017135620117,-0.3847436308860779
300,1.0857783555984497,-0.29175710678100586
301,1.074904441833496,-0.3851326107978821
302,1.0863420963287354,-0.3157656192779541
303,1.0979437828063965,-0.15729069709777832
304,1.0925370454788208,-0.18996495008468628
305,1.098004698753357,-0.1563621163368225
306,1.086198091506958,-0.29596036672592163
307,1.0984792709350586,-0.23220229148864746
308,1.0983119010925293,-0.23274970054626465
309,1.0992717742919922,-0.0960192084312439
310,1.0839831829071045,-0.12250858545303345
311,1.0468720197677612,-0.09525209665298462
312,1.0563981533050537,-0.0473095178604126
313,1.0576726198196411,0.0
314,1.0859830379486084,-0.09871286153793335
315,1.0979149341583252,-0.1584286093711853
316,1.0983688831329346,0.002177715301513672
317,1.0861895084381104,-0.0986362099647522
318,1.0954136848449707,-0.026324212551116943
319,1.0957450866699219,-0.04230082035064697
320,1.0859252214431763,-0.09856075048446655
321,1.0860333442687988,-0.09886437654495239
322,1.059754490852356,-0.21070820093154907
323,1.0787643194198608,-0.21492820978164673
324,1.0593887567520142,-0.209414541721344
325,1.065077543258667,-0.1679871678352356
326,1.0668377876281738,-0.15434247255325317
327,1.059234380722046,-0.21045005321502686
328,1.0662758350372314,-0.17114943265914917
329,1.0664650201797485,-0.16580063104629517
330,1.0740326642990112,-0.2820938229560852
331,1.0736451148986816,-0.2820475697517395
332,1.085050344467163,-0.22151803970336914
333,1.0795106887817383,-0.2677403688430786
334,1.0979734659194946,-0.16542822122573853
335,1.0848112106323242,-0.21922874450683594
336,1.0760498046875,-0.07132816314697266
337,1.0940120220184326,-0.0684848427772522
338,1.0872321128845215,-0.01248234510421753
339,1.0902655124664307,-0.01671922206878662
340,1.0779868364334106,-0.0721997618675232
341,1.0905041694641113,0.009596288204193115
342,1.0521494150161743,-0.35734742879867554
343,1.0520411729812622,-0.36051052808761597
344,1.045666217803955,-0.24636346101760864
345,1.0518771409988403,-0.3605800271034241
346,1.0900490283966064,-0.10656750202178955
347,1.0574589967727661,-0.19309967756271362
348,1.085378885269165,-0.2005332112312317
349,1.0571873188018799,-0.19432038068771362
350,1.092111349105835,-0.18960130214691162
351,1.0886191129684448,-0.22562891244888306
352,1.0918580293655396,-0.1898825764656067
353,1.060675859451294,-0.35189032554626465
354,1.068908452987671,-0.2620944380760193
355,1.060124397277832,-0.3532283902168274
356,1.0888798236846924,-0.2117704153060913
357,1.0694009065628052,-0.3075363039970398
358,1.0931522846221924,-0.2007056474685669
359,1.0914570093154907,-0.0647624135017395
360,1.0518721342086792,-0.24939721822738647
361,1.0444865226745605,-0.2956874370574951
362,1.0600101947784424,-0.24524599313735962
363,1.0610853433609009,-0.23997050523757935
364,1.0524358749389648,-0.2496451735496521
365,1.061233639717102,-0.20359498262405396
366,1.086193561553955,-0.10290795564651489
367,1.100000023841858,-0.05774354934692383
368,1.100000023841858,-0.06854432821273804
369,1.021522045135498,-0.09995090961456299
370,1.0791281461715698,-0.21289950609207153
371,1.0820344686508179,-0.18633520603179932
372,1.0830299854278564,-0.1694151759147644
373,1.0784626007080078,-0.21522855758666992
374,1.0987483263015747,-0.24224036931991577
375,1.0925461053848267,-0.19095957279205322
376,1.0981262922286987,-0.2424744963645935
377,1.0979069471359253,0.0752987265586853
378,1.0674439668655396,0.12885242700576782
379,1.0711692571640015,0.17006129026412964
380,1.0701594352722168,0.15984958410263062
381,1.0668584108352661,0.14671093225479126
382,1.0906208753585815,-0.18728023767471313
383,1.0902912616729736,-0.18765461444854736
384,1.089287281036377,-0.18382138013839722
385,1.0891588926315308,-0.18400442600250244
386,1.0914146900177002,-0.0888373851776123
387,1.097394347190857,-0.12538188695907593
388,1.0915504693984985,-0.09041893482208252
389,1.0595760345458984,-0.37360304594039917
390,1.059578537940979,-0.35551589727401733
391,0.9858894944190979,-0.3436141014099121
392,0.9778218269348145,-0.37374669313430786
393,0.9735886454582214,-0.37371188402175903
394,0.9736132621765137,-0.37354373931884766
395,1.0534515380859375,-0.1699945330619812
396,1.0909199714660645,-0.15997314453125
397,1.0528831481933594,-0.1714039444923401
398,1.0864803791046143,-0.13614410161972046
399,1.0660731792449951,-0.27872031927108765
400,1.0627151727676392,-0.35679322481155396
401,1.063635230064392,-0.3592042326927185
402,1.0682578086853027,-0.2833864092826843
403,1.0625360012054443,-0.35746055841445923
404,1.100000023841858,-0.04309719800949097
405,1.0670568943023682,-0.23958534002304077
406,1.0668962001800537,-0.27226871252059937
407,1.0630093812942505,-0.2105191946029663
408,1.0633636713027954,-0.19832772016525269
409,1.0648880004882812,-0.18664151430130005
410,1.0647071599960327,-0.18846482038497925
411,1.0653520822525024,-0.17498189210891724
412,1.0636188983917236,-0.18649232387542725
413,1.085322618484497,-0.3143000602722168
414,1.05852472782135,-0.382235586643219
415,1.0662257671356201,-0.4022441506385803
416,1.014176607131958,-0.38269323110580444
417,1.0655765533447266,-0.36822980642318726
418,1.059504508972168,-0.3829426169395447
419,1.017873764038086,-0.36391597986221313
420,1.0179835557937622,-0.3470836281776428
421,1.0905970335006714,-0.1843218207359314
422,1.0779014825820923,-0.10417109727859497
423,1.0829187631607056,-0.13547921180725098
424,1.0836154222488403,-0.07036882638931274
425,1.0913289785385132,-0.10353749990463257
426,1.0705195665359497,-0.0763024091720581
427,1.084913969039917,-0.0772867202758789
428,1.091217279434204,-0.10334426164627075
429,1.0976656675338745,-0.12124514579772949
430,1.0896562337875366,-0.15885871648788452
431,1.0596528053283691,-0.04852801561355591
432,1.0571192502975464,-0.0611996054649353
433,1.064599871635437,-0.07806593179702759
434,1.062049388885498,-0.06812936067581177
435,1.0962592363357544,-0.1308274269104004
436,1.0851656198501587,-0.17462629079818726
437,1.0132710933685303,-0.13080555200576782
438,1.0128693580627441,-0.130906879901886
439,1.0381286144256592,-0.061560630798339844
440,1.042068600654602,-0.06032729148864746
441,1.0848150253295898,-0.3019750714302063
442,1.0650763511657715,-0.4997676610946655
443,1.0616881847381592,-0.5148542523384094
444,1.0362486839294434,-0.5498154163360596
445,1.0619544982910156,-0.4996570348739624
446,1.0541256666183472,-0.22838425636291504
447,1.0679482221603394,-0.2719730734825134
448,1.0593842267990112,-0.1911531686782837
449,1.059302806854248,-0.1883401870727539
450,0.9846055507659912,-0.18194997310638428
451,0.9891682863235474,-0.1999388337135315
452,0.9900234341621399,-0.18786710500717163
453,1.068428874015808,-0.30769962072372437
454,1.093010663986206,-0.18604016304016113
455,1.0966267585754395,-0.23138517141342163
456,1.0264109373092651,-0.09555196762084961
457,1.0403673648834229,-0.1409001350402832
458,1.0292963981628418,-0.10858690738677979
459,1.0350521802902222,-0.1287129521369934
460,1.0985047817230225,-0.10702013969421387
461,1.0963042974472046,-0.1709091067314148
462,1.0582969188690186,-0.03218340873718262
463,1.0576750040054321,-0.04048639535903931
464,1.0514171123504639,-0.10698217153549194
465,1.0884357690811157,-0.21145039796829224
466,1.0935438871383667,-0.13985955715179443
467,1.0882713794708252,-0.21190303564071655
468,1.067943811416626,-0.20760005712509155
469,1.0908783674240112,-0.26527494192123413
470,1.0654395818710327,-0.1776517629623413
471,1.0649772882461548,-0.19495731592178345
472,1.0972613096237183,-0.03256338834762573
473,1.0969210863113403,-0.034375786781311035
474,1.092292070388794,-0.27476203441619873
475,1.0916671752929688,-0.24545764923095703
476,1.0887047052383423,-0.19350630044937134
477,1.0921013355255127,-0.27527207136154175
478,1.0816718339920044,-0.2565948963165283
479,1.0323336124420166,-0.228643000125885
480,1.076217532157898,-0.2904103398323059
481,1.0333333015441895,-0.2284281849861145
482,1.033417820930481,-0.22862321138381958
483,1.0261553525924683,-0.19093137979507446
484,1.026401162147522,-0.1980077624320984
485,1.0332697629928589,-0.22899001836776733
486,1.0965166091918945,-0.1621801257133484
487,1.0827934741973877,-0.2900541424751282
488,1.0961982011795044,-0.16484612226486206
489,1.0612021684646606,-0.2767045497894287
490,1.0695180892944336,-0.5153849124908447
491,1.0686731338500977,-0.5153980851173401
492,1.0586025714874268,-0.4584245979785919
493,1.0695326328277588,-0.38750022649765015
494,1.0671299695968628,-0.4166106581687927
495,1.0575860738754272,-0.4610985815525055
496,1.053396463394165,-0.2307702898979187
497,1.0849487781524658,-0.2757148742675781
498,1.0532881021499634,-0.23108571767807007
499,1.0671029090881348,-0.27541226148605347
500,1.0668143033981323,-0.2754583954811096
