gen_id,pg,qg
0,0.4690000116825104,
1,8.881999969482422,
2,0.25,
3,0.25,
4,0.25,
5,0.25,
6,1.5870000123977661,
7,2.173330068588257,
8,2.173330068588257,
9,2.173330068588257,
10,2.173330068588257,
11,0.0006000000284984708,
12,0.0012600000482052565,
13,1.7846699953079224,
14,1.7846699953079224,
15,1.7846699953079224,
16,1.7846699953079224,
17,0.675000011920929,
18,0.675000011920929,
19,0.07000000029802322,
20,0.3370000123977661,
21,0.3370000123977661,
22,11.6466703414917,
23,11.6466703414917,
24,3.326169967651367,
25,3.326169967651367,
26,3.326169967651367,
27,1.2000000476837158,
28,1.2000000476837158,
29,1.2000000476837158,
30,1.2000000476837158,
31,0.009999999776482582,
32,0.009999999776482582,
33,0.009999999776482582,
34,0.009999999776482582,
35,0.6899999976158142,
36,2.3485000133514404,
37,2.3485000133514404,
38,2.3485000133514404,
39,1.7933299541473389,
40,0.48500001430511475,
41,0.48500001430511475,
42,0.75,
43,0.75,
44,0.2879999876022339,
45,0.2879999876022339,
46,0.2879999876022339,
47,0.2879999876022339,
48,1.100000023841858,
49,0.3033300042152405,
50,0.3033300042152405,
51,0.21199999749660492,
52,0.5264999866485596,
53,0.5264999866485596,
54,0.5264999866485596,
55,0.2759999930858612,
56,0.8948311805725098,
57,0.7819100022315979,
58,2.8611299991607666,
59,0.20499999821186066,
60,0.20499999821186066,
61,0.8921334743499756,
62,1.338979959487915,
63,0.25,
64,2.3177499771118164,
65,2.3177499771118164,
66,2.3177499771118164,
67,2.3177499771118164,
68,0.07400000095367432,
69,0.07400000095367432,
70,0.07400000095367432,
71,0.15000000596046448,
72,0.15000000596046448,
73,0.15000000596046448,
74,0.6733300089836121,
75,0.6733300089836121,
76,0.6733300089836121,
77,0.6733300089836121,
78,0.6733300089836121,
79,1.4149999618530273,
80,0.29499998688697815,
81,0.29499998688697815,
82,0.29499998688697815,
83,0.29499998688697815,
84,0.29499998688697815,
85,0.29499998688697815,
86,0.7933300137519836,
87,0.7933300137519836,
88,0.7933300137519836,
89,0.7933300137519836,
90,0.7933300137519836,
91,0.7933300137519836,
92,0.014999999664723873,
93,0.612500011920929,
94,0.42500001192092896,
95,0.42500001192092896,
96,0.42500001192092896,
97,0.42500001192092896,
98,1.090000033378601,
99,1.090000033378601,
100,1.090000033378601,
101,1.090000033378601,
102,1.090000033378601,
103,1.090000033378601,
104,0.5389999747276306,
105,1.3117400407791138,
106,0.7668910026550293,
107,1.301500678062439,
108,0.5149999856948853,
109,1.3757569789886475,
110,1.0281599760055542,
111,1.248152256011963,
112,2.25,
113,2.25,
114,2.25,
115,2.25,
116,2.25600004196167,
117,2.25600004196167,
118,0.4269999861717224,
119,0.4269999861717224,
120,0.4269999861717224,
121,0.029999999329447746,
122,1.2958199977874756,
123,1.377500057220459,
124,1.3902561664581299,
125,0.90894615650177,
126,1.4385828971862793,
127,0.24300000071525574,
128,0.24300000071525574,
129,1.8700000047683716,
130,1.8700000047683716,
131,1.8700000047683716,
132,1.8700000047683716,
133,2.7426700592041016,
134,2.7426700592041016,
135,0.2524999976158142,
136,0.2524999976158142,
137,1.8309500217437744,
138,0.9074599742889404,
139,0.24500000476837158,
140,0.24500000476837158,
141,0.2919999957084656,
142,0.2919999957084656,
143,0.49300000071525574,
144,0.49300000071525574,
145,1.8908499479293823,
146,1.1390399932861328,
147,0.28832998871803284,
148,0.28832998871803284,
149,0.28832998871803284,
150,0.28832998871803284,
151,0.125,
152,0.06432999670505524,
153,0.06432999670505524,
154,0.06432999670505524,
155,0.06432999670505524,
156,0.06432999670505524,
157,0.06432999670505524,
158,0.014329999685287476,
159,0.014329999685287476,
160,0.014329999685287476,
161,0.014329999685287476,
162,0.014329999685287476,
163,0.014329999685287476,
164,1.399999976158142,
165,1.399999976158142,
166,0.9049999713897705,
167,0.9049999713897705,
168,0.017330000177025795,
169,0.017330000177025795,
170,0.017330000177025795,
